data,hora_ref,nomeEstacao,VP,AM_real,AM_calc,Nivel_Risco_Valor,Classificacao_Risco
2026-05-11,08:00:00,Campina do Barreto,0.0,1.33,1.33,0.0,Baixo
2026-05-11,08:00:00,Dois Irmãos,0.0,1.33,1.33,0.0,Baixo
2026-05-11,08:00:00,Imbiribeira,0.0,1.33,1.33,0.0,Baixo
2026-05-11,08:00:00,Torreão,0.0,1.33,1.33,0.0,Baixo
2026-05-11,07:00:00,Campina do Barreto,0.0,1.15,1.15,0.0,Baixo
2026-05-11,07:00:00,Dois Irmãos,0.0,1.15,1.15,0.0,Baixo
2026-05-11,07:00:00,Imbiribeira,0.0,1.15,1.15,0.0,Baixo
2026-05-11,07:00:00,Torreão,0.0,1.15,1.15,0.0,Baixo
2026-05-11,06:00:00,Campina do Barreto,0.0,0.98,1.0,0.0,Baixo
2026-05-11,06:00:00,Dois Irmãos,0.0,0.98,1.0,0.0,Baixo
2026-05-11,06:00:00,Imbiribeira,0.0,0.98,1.0,0.0,Baixo
2026-05-11,06:00:00,Torreão,0.0,0.98,1.0,0.0,Baixo
2026-05-11,05:00:00,Campina do Barreto,,0.87,1.0,0.0,Baixo
2026-05-11,05:00:00,Dois Irmãos,0.0,0.87,1.0,0.0,Baixo
2026-05-11,05:00:00,Imbiribeira,0.0,0.87,1.0,0.0,Baixo
2026-05-11,05:00:00,Torreão,0.0,0.87,1.0,0.0,Baixo
2026-05-11,04:00:00,Campina do Barreto,0.0,1.02,1.02,0.0,Baixo
2026-05-11,04:00:00,Dois Irmãos,0.0,1.02,1.02,0.0,Baixo
2026-05-11,04:00:00,Imbiribeira,0.0,1.02,1.02,0.0,Baixo
2026-05-11,04:00:00,Torreão,0.0,1.02,1.02,0.0,Baixo
2026-05-11,03:00:00,Campina do Barreto,0.0,1.17,1.17,0.0,Baixo
2026-05-11,03:00:00,Dois Irmãos,0.0,1.17,1.17,0.0,Baixo
2026-05-11,03:00:00,Imbiribeira,0.0,1.17,1.17,0.0,Baixo
2026-05-11,03:00:00,Torreão,0.0,1.17,1.17,0.0,Baixo
2026-05-11,02:00:00,Campina do Barreto,0.0,1.32,1.32,0.0,Baixo
2026-05-11,02:00:00,Dois Irmãos,0.0,1.32,1.32,0.0,Baixo
2026-05-11,02:00:00,Imbiribeira,0.0,1.32,1.32,0.0,Baixo
2026-05-11,02:00:00,Torreão,,1.32,1.32,0.0,Baixo
2026-05-11,01:00:00,Campina do Barreto,0.0,1.47,1.47,0.0,Baixo
2026-05-11,01:00:00,Dois Irmãos,0.0,1.47,1.47,0.0,Baixo
2026-05-11,01:00:00,Imbiribeira,0.0,1.47,1.47,0.0,Baixo
2026-05-11,01:00:00,Torreão,0.0,1.47,1.47,0.0,Baixo
2026-05-11,00:00:00,Campina do Barreto,0.0,1.62,1.62,0.0,Baixo
2026-05-11,00:00:00,Dois Irmãos,0.0,1.62,1.62,0.0,Baixo
2026-05-11,00:00:00,Imbiribeira,0.0,1.62,1.62,0.0,Baixo
2026-05-11,00:00:00,Torreão,0.0,1.62,1.62,0.0,Baixo
2026-05-10,23:00:00,Campina do Barreto,0.0,1.73,1.73,0.0,Baixo
2026-05-10,23:00:00,Dois Irmãos,0.0,1.73,1.73,0.0,Baixo
2026-05-10,23:00:00,Imbiribeira,0.0,1.73,1.73,0.0,Baixo
2026-05-10,23:00:00,Torreão,0.0,1.73,1.73,0.0,Baixo
2026-05-10,22:00:00,Campina do Barreto,,1.57,1.57,0.0,Baixo
2026-05-10,22:00:00,Dois Irmãos,,1.57,1.57,0.0,Baixo
2026-05-10,22:00:00,Imbiribeira,0.0,1.57,1.57,0.0,Baixo
2026-05-10,22:00:00,Torreão,,1.57,1.57,0.0,Baixo
2026-05-10,21:00:00,Campina do Barreto,,1.42,1.42,0.0,Baixo
2026-05-10,21:00:00,Dois Irmãos,0.0,1.42,1.42,0.0,Baixo
2026-05-10,21:00:00,Imbiribeira,,1.42,1.42,0.0,Baixo
2026-05-10,21:00:00,Torreão,0.0,1.42,1.42,0.0,Baixo
2026-05-10,20:00:00,Campina do Barreto,0.0,1.27,1.27,0.0,Baixo
2026-05-10,20:00:00,Dois Irmãos,0.0,1.27,1.27,0.0,Baixo
2026-05-10,20:00:00,Imbiribeira,0.0,1.27,1.27,0.0,Baixo
2026-05-10,20:00:00,Torreão,0.0,1.27,1.27,0.0,Baixo
2026-05-10,19:00:00,Campina do Barreto,0.0,1.11,1.11,0.0,Baixo
2026-05-10,19:00:00,Dois Irmãos,0.0,1.11,1.11,0.0,Baixo
2026-05-10,19:00:00,Imbiribeira,0.0,1.11,1.11,0.0,Baixo
2026-05-10,19:00:00,Torreão,0.0,1.11,1.11,0.0,Baixo
2026-05-10,18:00:00,Campina do Barreto,0.0,0.96,1.0,0.0,Baixo
2026-05-10,18:00:00,Dois Irmãos,0.0,0.96,1.0,0.0,Baixo
2026-05-10,18:00:00,Imbiribeira,0.0,0.96,1.0,0.0,Baixo
2026-05-10,18:00:00,Torreão,0.0,0.96,1.0,0.0,Baixo
2026-05-10,17:00:00,Campina do Barreto,0.0,0.8,1.0,0.0,Baixo
2026-05-10,17:00:00,Dois Irmãos,0.0,0.8,1.0,0.0,Baixo
2026-05-10,17:00:00,Imbiribeira,0.0,0.8,1.0,0.0,Baixo
2026-05-10,17:00:00,Torreão,0.0,0.8,1.0,0.0,Baixo
2026-05-10,16:00:00,Campina do Barreto,0.0,0.84,1.0,0.0,Baixo
2026-05-10,16:00:00,Dois Irmãos,0.0,0.84,1.0,0.0,Baixo
2026-05-10,16:00:00,Imbiribeira,0.0,0.84,1.0,0.0,Baixo
2026-05-10,16:00:00,Torreão,0.0,0.84,1.0,0.0,Baixo
2026-05-10,15:00:00,Campina do Barreto,0.0,1.0,1.0,0.0,Baixo
2026-05-10,15:00:00,Dois Irmãos,0.0,1.0,1.0,0.0,Baixo
2026-05-10,15:00:00,Imbiribeira,0.0,1.0,1.0,0.0,Baixo
2026-05-10,15:00:00,Torreão,0.0,1.0,1.0,0.0,Baixo
2026-05-10,14:00:00,Campina do Barreto,0.0,1.17,1.17,0.0,Baixo
2026-05-10,14:00:00,Dois Irmãos,0.0,1.17,1.17,0.0,Baixo
2026-05-10,14:00:00,Imbiribeira,0.0,1.17,1.17,0.0,Baixo
2026-05-10,14:00:00,Torreão,0.0,1.17,1.17,0.0,Baixo
2026-05-10,13:00:00,Campina do Barreto,0.0,1.33,1.33,0.0,Baixo
2026-05-10,13:00:00,Dois Irmãos,0.0,1.33,1.33,0.0,Baixo
2026-05-10,13:00:00,Imbiribeira,0.0,1.33,1.33,0.0,Baixo
2026-05-10,13:00:00,Torreão,0.0,1.33,1.33,0.0,Baixo
2026-05-10,12:00:00,Campina do Barreto,0.0,1.5,1.5,0.0,Baixo
2026-05-10,12:00:00,Dois Irmãos,0.0,1.5,1.5,0.0,Baixo
2026-05-10,12:00:00,Imbiribeira,0.0,1.5,1.5,0.0,Baixo
2026-05-10,12:00:00,Torreão,0.0,1.5,1.5,0.0,Baixo
2026-05-10,11:00:00,Campina do Barreto,0.0,1.67,1.67,0.0,Baixo
2026-05-10,11:00:00,Dois Irmãos,0.0,1.67,1.67,0.0,Baixo
2026-05-10,11:00:00,Imbiribeira,0.0,1.67,1.67,0.0,Baixo
2026-05-10,11:00:00,Torreão,0.0,1.67,1.67,0.0,Baixo
2026-05-10,10:00:00,Campina do Barreto,0.0,1.75,1.75,0.0,Baixo
2026-05-10,10:00:00,Dois Irmãos,0.0,1.75,1.75,0.0,Baixo
2026-05-10,10:00:00,Imbiribeira,0.0,1.75,1.75,0.0,Baixo
2026-05-10,10:00:00,Torreão,0.0,1.75,1.75,0.0,Baixo
2026-05-10,09:00:00,Campina do Barreto,0.0,1.61,1.61,0.0,Baixo
2026-05-10,09:00:00,Dois Irmãos,0.0,1.61,1.61,0.0,Baixo
2026-05-10,09:00:00,Imbiribeira,0.0,1.61,1.61,0.0,Baixo
2026-05-10,09:00:00,Torreão,0.0,1.61,1.61,0.0,Baixo
2026-05-10,08:00:00,Campina do Barreto,0.0,1.47,1.47,0.0,Baixo
2026-05-10,08:00:00,Dois Irmãos,0.0,1.47,1.47,0.0,Baixo
2026-05-10,08:00:00,Imbiribeira,0.0,1.47,1.47,0.0,Baixo
2026-05-10,08:00:00,Torreão,0.0,1.47,1.47,0.0,Baixo
2026-05-10,07:00:00,Campina do Barreto,0.0,1.33,1.33,0.0,Baixo
2026-05-10,07:00:00,Dois Irmãos,1.3786570069000001,1.33,1.33,1.8336138191770004,Baixo
2026-05-10,07:00:00,Imbiribeira,0.0,1.33,1.33,0.0,Baixo
2026-05-10,07:00:00,Torreão,0.0,1.33,1.33,0.0,Baixo
2026-05-10,06:00:00,Campina do Barreto,0.2,1.19,1.19,0.238,Baixo
2026-05-10,06:00:00,Dois Irmãos,1.7786570069,1.19,1.19,2.116601838211,Baixo
2026-05-10,06:00:00,Imbiribeira,0.0,1.19,1.19,0.0,Baixo
2026-05-10,06:00:00,Torreão,0.59268,1.19,1.19,0.7052892,Baixo
2026-05-10,05:00:00,Campina do Barreto,1.8000000000000003,1.05,1.05,1.8900000000000003,Baixo
2026-05-10,05:00:00,Dois Irmãos,9.0622890199,1.05,1.05,9.515403470895,Baixo
2026-05-10,05:00:00,Imbiribeira,0.0,1.05,1.05,0.0,Baixo
2026-05-10,05:00:00,Torreão,,1.05,1.05,0.0,Baixo
2026-05-10,04:00:00,Campina do Barreto,1.3818876391,0.94,1.0,1.3818876391,Baixo
2026-05-10,04:00:00,Dois Irmãos,9.4674828729,0.94,1.0,9.4674828729,Baixo
2026-05-10,04:00:00,Imbiribeira,,0.94,1.0,0.0,Baixo
2026-05-10,04:00:00,Torreão,8.1153552976,0.94,1.0,8.1153552976,Baixo
2026-05-10,03:00:00,Campina do Barreto,3.3672476391000004,1.07,1.07,3.602954973837001,Baixo
2026-05-10,03:00:00,Dois Irmãos,31.1102615024,1.07,1.07,33.287979807568,Moderado
2026-05-10,03:00:00,Imbiribeira,0.4,1.07,1.07,0.42800000000000005,Baixo
2026-05-10,03:00:00,Torreão,14.9691587055,1.07,1.07,16.016999814885,Baixo
2026-05-10,02:00:00,Campina do Barreto,1.58536,1.19,1.19,1.8865784,Baixo
2026-05-10,02:00:00,Dois Irmãos,9.2665024482,1.19,1.19,11.027137913358,Baixo
2026-05-10,02:00:00,Imbiribeira,1.8000000000000003,1.19,1.19,2.1420000000000003,Baixo
2026-05-10,02:00:00,Torreão,13.020836824700002,1.19,1.19,15.494795821393001,Baixo
2026-05-10,01:00:00,Campina do Barreto,3.3752176235,1.31,1.31,4.421535086785,Baixo
2026-05-10,01:00:00,Dois Irmãos,20.0797607419,1.31,1.31,26.304486571889,Baixo
2026-05-10,01:00:00,Imbiribeira,1.6,1.31,1.31,2.096,Baixo
2026-05-10,01:00:00,Torreão,27.9469351856,1.31,1.31,36.610485093136006,Moderado
2026-05-10,00:00:00,Campina do Barreto,1.5752176235,1.44,1.44,2.2683133778399998,Baixo
2026-05-10,00:00:00,Dois Irmãos,9.6328754936,1.44,1.44,13.871340710784,Baixo
2026-05-10,00:00:00,Imbiribeira,0.0,1.44,1.44,0.0,Baixo
2026-05-10,00:00:00,Torreão,4.94876,1.44,1.44,7.126214399999999,Baixo
2026-05-09,23:00:00,Campina do Barreto,0.0,1.56,1.56,0.0,Baixo
2026-05-09,23:00:00,Dois Irmãos,1.8000000000000003,1.56,1.56,2.8080000000000007,Baixo
2026-05-09,23:00:00,Imbiribeira,0.0,1.56,1.56,0.0,Baixo
2026-05-09,23:00:00,Torreão,2.0,1.56,1.56,3.12,Baixo
2026-05-09,22:00:00,Campina do Barreto,0.0,1.67,1.67,0.0,Baixo
2026-05-09,22:00:00,Dois Irmãos,1.4000000000000001,1.67,1.67,2.338,Baixo
2026-05-09,22:00:00,Imbiribeira,0.0,1.67,1.67,0.0,Baixo
2026-05-09,22:00:00,Torreão,,1.67,1.67,0.0,Baixo
2026-05-09,21:00:00,Campina do Barreto,,1.54,1.54,0.0,Baixo
2026-05-09,21:00:00,Dois Irmãos,,1.54,1.54,0.0,Baixo
2026-05-09,21:00:00,Imbiribeira,,1.54,1.54,0.0,Baixo
2026-05-09,21:00:00,Torreão,0.0,1.54,1.54,0.0,Baixo
2026-05-09,20:00:00,Campina do Barreto,0.7890199999999999,1.41,1.41,1.1125181999999998,Baixo
2026-05-09,20:00:00,Dois Irmãos,0.19999999999999812,1.41,1.41,0.28199999999999736,Baixo
2026-05-09,20:00:00,Imbiribeira,0.0,1.41,1.41,0.0,Baixo
2026-05-09,20:00:00,Torreão,0.0,1.41,1.41,0.0,Baixo
2026-05-09,19:00:00,Campina do Barreto,4.3231399999999995,1.27,1.27,5.4903878,Baixo
2026-05-09,19:00:00,Dois Irmãos,1.5999999999999983,1.27,1.27,2.031999999999998,Baixo
2026-05-09,19:00:00,Imbiribeira,0.0,1.27,1.27,0.0,Baixo
2026-05-09,19:00:00,Torreão,0.9841898554,1.27,1.27,1.249921116358,Baixo
2026-05-09,18:00:00,Campina do Barreto,0.0,1.14,1.14,0.0,Baixo
2026-05-09,18:00:00,Dois Irmãos,0.19999999999999812,1.14,1.14,0.22799999999999784,Baixo
2026-05-09,18:00:00,Imbiribeira,0.0,1.14,1.14,0.0,Baixo
2026-05-09,18:00:00,Torreão,0.9841898554,1.14,1.14,1.121976435156,Baixo
2026-05-09,17:00:00,Campina do Barreto,0.0,1.01,1.01,0.0,Baixo
2026-05-09,17:00:00,Dois Irmãos,1.3999999999999984,1.01,1.01,1.4139999999999984,Baixo
2026-05-09,17:00:00,Imbiribeira,0.0,1.01,1.01,0.0,Baixo
2026-05-09,17:00:00,Torreão,6.889328987800001,1.01,1.01,6.958222277678001,Baixo
2026-05-09,16:00:00,Campina do Barreto,0.0,0.88,1.0,0.0,Baixo
2026-05-09,16:00:00,Dois Irmãos,0.0,0.88,1.0,0.0,Baixo
2026-05-09,16:00:00,Imbiribeira,0.0,0.88,1.0,0.0,Baixo
2026-05-09,16:00:00,Torreão,0.0,0.88,1.0,0.0,Baixo
2026-05-09,15:00:00,Campina do Barreto,0.0,0.89,1.0,0.0,Baixo
2026-05-09,15:00:00,Dois Irmãos,0.0,0.89,1.0,0.0,Baixo
2026-05-09,15:00:00,Imbiribeira,0.0,0.89,1.0,0.0,Baixo
2026-05-09,15:00:00,Torreão,0.0,0.89,1.0,0.0,Baixo
2026-05-09,14:00:00,Campina do Barreto,0.0,1.03,1.03,0.0,Baixo
2026-05-09,14:00:00,Dois Irmãos,0.19999999999999812,1.03,1.03,0.20599999999999807,Baixo
2026-05-09,14:00:00,Imbiribeira,0.0,1.03,1.03,0.0,Baixo
2026-05-09,14:00:00,Torreão,0.0,1.03,1.03,0.0,Baixo
2026-05-09,13:00:00,Campina do Barreto,0.0,1.18,1.18,0.0,Baixo
2026-05-09,13:00:00,Dois Irmãos,0.19999999999999812,1.18,1.18,0.23599999999999777,Baixo
2026-05-09,13:00:00,Imbiribeira,0.0,1.18,1.18,0.0,Baixo
2026-05-09,13:00:00,Torreão,0.0,1.18,1.18,0.0,Baixo
2026-05-09,12:00:00,Campina do Barreto,0.2,1.33,1.33,0.266,Baixo
2026-05-09,12:00:00,Dois Irmãos,1.3999999999999984,1.33,1.33,1.8619999999999979,Baixo
2026-05-09,12:00:00,Imbiribeira,0.0,1.33,1.33,0.0,Baixo
2026-05-09,12:00:00,Torreão,0.2,1.33,1.33,0.266,Baixo
2026-05-09,11:00:00,Campina do Barreto,1.4000000000000001,1.48,1.48,2.072,Baixo
2026-05-09,11:00:00,Dois Irmãos,0.19999999999999812,1.48,1.48,0.2959999999999972,Baixo
2026-05-09,11:00:00,Imbiribeira,0.0,1.48,1.48,0.0,Baixo
2026-05-09,11:00:00,Torreão,0.2,1.48,1.48,0.296,Baixo
2026-05-09,10:00:00,Campina do Barreto,0.0,1.62,1.62,0.0,Baixo
2026-05-09,10:00:00,Dois Irmãos,1.3999999999999984,1.62,1.62,2.2679999999999976,Baixo
2026-05-09,10:00:00,Imbiribeira,0.4,1.62,1.62,0.6480000000000001,Baixo
2026-05-09,10:00:00,Torreão,1.4000000000000001,1.62,1.62,2.2680000000000002,Baixo
2026-05-09,09:00:00,Campina do Barreto,0.0,1.75,1.75,0.0,Baixo
2026-05-09,09:00:00,Dois Irmãos,0.9848269051999982,1.75,1.75,1.7234470840999967,Baixo
2026-05-09,09:00:00,Imbiribeira,0.8,1.75,1.75,1.4000000000000001,Baixo
2026-05-09,09:00:00,Torreão,0.0,1.75,1.75,0.0,Baixo
2026-05-09,08:00:00,Campina do Barreto,0.0,1.62,1.62,0.0,Baixo
2026-05-09,08:00:00,Dois Irmãos,6.893788336399998,1.62,1.62,11.167937104967997,Baixo
2026-05-09,08:00:00,Imbiribeira,2.2,1.62,1.62,3.5640000000000005,Baixo
2026-05-09,08:00:00,Torreão,0.0,1.62,1.62,0.0,Baixo
2026-05-09,07:00:00,Campina do Barreto,0.2,1.5,1.5,0.30000000000000004,Baixo
2026-05-09,07:00:00,Dois Irmãos,0.0,1.5,1.5,0.0,Baixo
2026-05-09,07:00:00,Imbiribeira,2.2,1.5,1.5,3.3000000000000003,Baixo
2026-05-09,07:00:00,Torreão,0.2,1.5,1.5,0.30000000000000004,Baixo
2026-05-09,06:00:00,Campina do Barreto,1.8196,1.37,1.37,2.4928520000000005,Baixo
2026-05-09,06:00:00,Dois Irmãos,0.19999999999999812,1.37,1.37,0.27399999999999747,Baixo
2026-05-09,06:00:00,Imbiribeira,0.8,1.37,1.37,1.096,Baixo
2026-05-09,06:00:00,Torreão,0.98902,1.37,1.37,1.3549574000000002,Baixo
2026-05-09,05:00:00,Campina do Barreto,0.6195999999999999,1.25,1.25,0.7745,Baixo
2026-05-09,05:00:00,Dois Irmãos,1.1816999999999982,1.25,1.25,1.4771249999999978,Baixo
2026-05-09,05:00:00,Imbiribeira,0.6000000000000001,1.25,1.25,0.7500000000000001,Baixo
2026-05-09,05:00:00,Torreão,2.7780400000000003,1.25,1.25,3.4725500000000005,Baixo
2026-05-09,04:00:00,Campina do Barreto,1.1866014313,1.12,1.12,1.3289936030560001,Baixo
2026-05-09,04:00:00,Dois Irmãos,2.5816999999999983,1.12,1.12,2.8915039999999985,Baixo
2026-05-09,04:00:00,Imbiribeira,0.4,1.12,1.12,0.44800000000000006,Baixo
2026-05-09,04:00:00,Torreão,5.143007426900001,1.12,1.12,5.7601683181280015,Baixo
2026-05-09,03:00:00,Campina do Barreto,3.350604628,0.99,1.0,3.350604628,Baixo
2026-05-09,03:00:00,Dois Irmãos,5.5322153807999985,0.99,1.0,5.5322153807999985,Baixo
2026-05-09,03:00:00,Imbiribeira,1.8000000000000003,0.99,1.0,1.8000000000000003,Baixo
2026-05-09,03:00:00,Torreão,14.3781010689,0.99,1.0,14.3781010689,Baixo
2026-05-09,02:00:00,Campina do Barreto,8.289132563199999,1.01,1.01,8.372023888831999,Baixo
2026-05-09,02:00:00,Dois Irmãos,6.932215380799999,1.01,1.01,7.001537534607999,Baixo
2026-05-09,02:00:00,Imbiribeira,1.8000000000000003,1.01,1.01,1.8180000000000003,Baixo
2026-05-09,02:00:00,Torreão,13.5703054562,1.01,1.01,13.706008510762,Baixo
2026-05-09,01:00:00,Campina do Barreto,6.7104893665,1.13,1.13,7.582852984144999,Baixo
2026-05-09,01:00:00,Dois Irmãos,7.888295380799999,1.13,1.13,8.913773780303998,Baixo
2026-05-09,01:00:00,Imbiribeira,1.8000000000000003,1.13,1.13,2.0340000000000003,Baixo
2026-05-09,01:00:00,Torreão,7.670521892,1.13,1.13,8.66768973796,Baixo
2026-05-09,00:00:00,Campina do Barreto,0.0,1.25,1.25,0.0,Baixo
2026-05-09,00:00:00,Dois Irmãos,0.3926799999999982,1.25,1.25,0.49084999999999773,Baixo
2026-05-09,00:00:00,Imbiribeira,0.4,1.25,1.25,0.5,Baixo
2026-05-09,00:00:00,Torreão,0.3926800000000004,1.25,1.25,0.4908500000000005,Baixo
2026-05-08,23:00:00,Campina do Barreto,0.0,1.37,1.37,0.0,Baixo
2026-05-08,23:00:00,Dois Irmãos,2.748759999999998,1.37,1.37,3.7658011999999976,Baixo
2026-05-08,23:00:00,Imbiribeira,1.4000000000000001,1.37,1.37,1.9180000000000004,Baixo
2026-05-08,23:00:00,Torreão,2.7487600000000003,1.37,1.37,3.7658012000000007,Baixo
2026-05-08,22:00:00,Campina do Barreto,,1.49,1.49,0.0,Baixo
2026-05-08,22:00:00,Dois Irmãos,2.159739999999998,1.49,1.49,3.218012599999997,Baixo
2026-05-08,22:00:00,Imbiribeira,,1.49,1.49,0.0,Baixo
2026-05-08,22:00:00,Torreão,3.9375282075,1.49,1.49,5.866917029175,Baixo
2026-05-08,21:00:00,Campina do Barreto,0.59268,1.61,1.61,0.9542148,Baixo
2026-05-08,21:00:00,Dois Irmãos,2.359739999999998,1.61,1.61,3.7991813999999975,Baixo
2026-05-08,21:00:00,Imbiribeira,0.2,1.61,1.61,0.32200000000000006,Baixo
2026-05-08,21:00:00,Torreão,5.115568207500001,1.61,1.61,8.236064814075002,Baixo
2026-05-08,20:00:00,Campina do Barreto,1.7926800000000003,1.6,1.6,2.8682880000000006,Baixo
2026-05-08,20:00:00,Dois Irmãos,5.893859999999998,1.6,1.6,9.430175999999998,Baixo
2026-05-08,20:00:00,Imbiribeira,0.4,1.6,1.6,0.6400000000000001,Baixo
2026-05-08,20:00:00,Torreão,28.740737452500003,1.6,1.6,45.98517992400001,Moderado
2026-05-08,19:00:00,Campina do Barreto,0.0,1.46,1.46,0.0,Baixo
2026-05-08,19:00:00,Dois Irmãos,0.9894269315999982,1.46,1.46,1.4445633201359973,Baixo
2026-05-08,19:00:00,Imbiribeira,0.4,1.46,1.46,0.584,Baixo
2026-05-08,19:00:00,Torreão,3.5428375375,1.46,1.46,5.17254280475,Baixo
2026-05-08,18:00:00,Campina do Barreto,0.4196,1.32,1.32,0.553872,Baixo
2026-05-08,18:00:00,Dois Irmãos,8.685306014399998,1.32,1.32,11.464603939007999,Baixo
2026-05-08,18:00:00,Imbiribeira,0.6000000000000001,1.32,1.32,0.7920000000000001,Baixo
2026-05-08,18:00:00,Torreão,3.7428375375000003,1.32,1.32,4.9405455495,Baixo
2026-05-08,17:00:00,Campina do Barreto,2.9372,1.18,1.18,3.4658959999999994,Baixo
2026-05-08,17:00:00,Dois Irmãos,10.821867603999998,1.18,1.18,12.769803772719996,Baixo
2026-05-08,17:00:00,Imbiribeira,0.6000000000000001,1.18,1.18,0.7080000000000001,Baixo
2026-05-08,17:00:00,Torreão,24.9998627625,1.18,1.18,29.49983805975,Baixo
2026-05-08,16:00:00,Campina do Barreto,0.0,1.04,1.04,0.0,Baixo
2026-05-08,16:00:00,Dois Irmãos,2.948759999999998,1.04,1.04,3.066710399999998,Baixo
2026-05-08,16:00:00,Imbiribeira,1.8000000000000003,1.04,1.04,1.8720000000000003,Baixo
2026-05-08,16:00:00,Torreão,1.4000000000000001,1.04,1.04,1.4560000000000002,Baixo
2026-05-08,15:00:00,Campina do Barreto,0.4,0.9,1.0,0.4,Baixo
2026-05-08,15:00:00,Dois Irmãos,0.7890199999999981,0.9,1.0,0.7890199999999981,Baixo
2026-05-08,15:00:00,Imbiribeira,2.0,0.9,1.0,2.0,Baixo
2026-05-08,15:00:00,Torreão,5.1145450917,0.9,1.0,5.1145450917,Baixo
2026-05-08,14:00:00,Campina do Barreto,8.893766051,0.85,1.0,8.893766051,Baixo
2026-05-08,14:00:00,Dois Irmãos,0.989019999999998,0.85,1.0,0.989019999999998,Baixo
2026-05-08,14:00:00,Imbiribeira,2.0,0.85,1.0,2.0,Baixo
2026-05-08,14:00:00,Torreão,5.1145450917,0.85,1.0,5.1145450917,Baixo
2026-05-08,13:00:00,Campina do Barreto,10.093766051,1.01,1.01,10.19470371151,Baixo
2026-05-08,13:00:00,Dois Irmãos,7.2777849197999975,1.01,1.01,7.350562768997998,Baixo
2026-05-08,13:00:00,Imbiribeira,1.8000000000000003,1.01,1.01,1.8180000000000003,Baixo
2026-05-08,13:00:00,Torreão,6.3145450917,1.01,1.01,6.3776905426170005,Baixo
2026-05-08,12:00:00,Campina do Barreto,1.4000000000000004,1.17,1.17,1.6380000000000003,Baixo
2026-05-08,12:00:00,Dois Irmãos,6.123386857299998,1.17,1.17,7.164362623040997,Baixo
2026-05-08,12:00:00,Imbiribeira,1.4000000000000001,1.17,1.17,1.6380000000000001,Baixo
2026-05-08,12:00:00,Torreão,0.2,1.17,1.17,0.23399999999999999,Baixo
2026-05-08,11:00:00,Campina do Barreto,0.0,1.32,1.32,0.0,Baixo
2026-05-08,11:00:00,Dois Irmãos,13.781193562499997,1.32,1.32,18.1911755025,Baixo
2026-05-08,11:00:00,Imbiribeira,0.0,1.32,1.32,0.0,Baixo
2026-05-08,11:00:00,Torreão,1.4000000000000001,1.32,1.32,1.8480000000000003,Baixo
2026-05-08,10:00:00,Campina do Barreto,0.0,1.48,1.48,0.0,Baixo
2026-05-08,10:00:00,Dois Irmãos,0.199999999999998,1.48,1.48,0.29599999999999704,Baixo
2026-05-08,10:00:00,Imbiribeira,0.4,1.48,1.48,0.592,Baixo
2026-05-08,10:00:00,Torreão,0.0,1.48,1.48,0.0,Baixo
2026-05-08,09:00:00,Campina do Barreto,0.0,1.64,1.64,0.0,Baixo
2026-05-08,09:00:00,Dois Irmãos,0.592679999999998,1.64,1.64,0.9719951999999966,Baixo
2026-05-08,09:00:00,Imbiribeira,0.8,1.64,1.64,1.312,Baixo
2026-05-08,09:00:00,Torreão,0.0,1.64,1.64,0.0,Baixo
2026-05-08,08:00:00,Campina do Barreto,0.0,1.78,1.78,0.0,Baixo
2026-05-08,08:00:00,Dois Irmãos,1.792679999999998,1.78,1.78,3.1909703999999968,Baixo
2026-05-08,08:00:00,Imbiribeira,2.4000000000000004,1.78,1.78,4.272000000000001,Baixo
2026-05-08,08:00:00,Torreão,0.0,1.78,1.78,0.0,Baixo
2026-05-08,07:00:00,Campina do Barreto,0.0,1.64,1.64,0.0,Baixo
2026-05-08,07:00:00,Dois Irmãos,0.0,1.64,1.64,0.0,Baixo
2026-05-08,07:00:00,Imbiribeira,2.4000000000000004,1.64,1.64,3.9360000000000004,Baixo
2026-05-08,07:00:00,Torreão,0.0,1.64,1.64,0.0,Baixo
2026-05-08,06:00:00,Campina do Barreto,0.0,1.51,1.51,0.0,Baixo
2026-05-08,06:00:00,Dois Irmãos,0.0,1.51,1.51,0.0,Baixo
2026-05-08,06:00:00,Imbiribeira,2.6000000000000005,1.51,1.51,3.926000000000001,Baixo
2026-05-08,06:00:00,Torreão,0.0,1.51,1.51,0.0,Baixo
2026-05-08,05:00:00,Campina do Barreto,0.0,1.37,1.37,0.0,Baixo
2026-05-08,05:00:00,Dois Irmãos,0.0,1.37,1.37,0.0,Baixo
2026-05-08,05:00:00,Imbiribeira,2.4000000000000004,1.37,1.37,3.2880000000000007,Baixo
2026-05-08,05:00:00,Torreão,0.0,1.37,1.37,0.0,Baixo
2026-05-08,04:00:00,Campina do Barreto,0.0,1.23,1.23,0.0,Baixo
2026-05-08,04:00:00,Dois Irmãos,0.0,1.23,1.23,0.0,Baixo
2026-05-08,04:00:00,Imbiribeira,2.2,1.23,1.23,2.706,Baixo
2026-05-08,04:00:00,Torreão,0.2,1.23,1.23,0.246,Baixo
2026-05-08,03:00:00,Campina do Barreto,0.20000000000000023,1.1,1.1,0.22000000000000028,Baixo
2026-05-08,03:00:00,Dois Irmãos,1.974472776499998,1.1,1.1,2.171920054149998,Baixo
2026-05-08,03:00:00,Imbiribeira,2.4000000000000004,1.1,1.1,2.6400000000000006,Baixo
2026-05-08,03:00:00,Torreão,0.2,1.1,1.1,0.22000000000000003,Baixo
2026-05-08,02:00:00,Campina do Barreto,3.5414992555,0.96,1.0,3.5414992555,Baixo
2026-05-08,02:00:00,Dois Irmãos,6.512906694999998,0.96,1.0,6.512906694999998,Baixo
2026-05-08,02:00:00,Imbiribeira,2.6,0.96,1.0,2.6,Baixo
2026-05-08,02:00:00,Torreão,1.4000000000000001,0.96,1.0,1.4000000000000001,Baixo
2026-05-08,01:00:00,Campina do Barreto,5.1341792555,0.94,1.0,5.1341792555,Baixo
2026-05-08,01:00:00,Dois Irmãos,6.312906694999998,0.94,1.0,6.312906694999998,Baixo
2026-05-08,01:00:00,Imbiribeira,2.6000000000000005,0.94,1.0,2.6000000000000005,Baixo
2026-05-08,01:00:00,Torreão,3.9958063972,0.94,1.0,3.9958063972,Baixo
2026-05-08,00:00:00,Campina do Barreto,3.3670845754000003,1.09,1.09,3.6701221871860006,Baixo
2026-05-08,00:00:00,Dois Irmãos,3.537779999999998,1.09,1.09,3.856180199999998,Baixo
2026-05-08,00:00:00,Imbiribeira,2.4000000000000004,1.09,1.09,2.6160000000000005,Baixo
2026-05-08,00:00:00,Torreão,5.1958063972,1.09,1.09,5.663428972948001,Baixo
2026-05-07,23:00:00,Campina do Barreto,1.18536,1.23,1.23,1.4579928,Baixo
2026-05-07,23:00:00,Dois Irmãos,9.271963836399998,1.23,1.23,11.404515518771998,Baixo
2026-05-07,23:00:00,Imbiribeira,2.0,1.23,1.23,2.46,Baixo
2026-05-07,23:00:00,Torreão,2.3853600000000004,1.23,1.23,2.9339928000000004,Baixo
2026-05-07,22:00:00,Campina do Barreto,2.9544806314,1.38,1.38,4.077183271332,Baixo
2026-05-07,22:00:00,Dois Irmãos,24.2926805599,1.38,1.38,33.523899172662,Moderado
2026-05-07,22:00:00,Imbiribeira,1.4000000000000001,1.38,1.38,1.932,Baixo
2026-05-07,22:00:00,Torreão,11.2682472067,1.38,1.38,15.550181145245999,Baixo
2026-05-07,21:00:00,Campina do Barreto,22.2128254929,1.53,1.53,33.985623004137,Moderado
2026-05-07,21:00:00,Dois Irmãos,28.2185172686,1.53,1.53,43.174331420958,Moderado
2026-05-07,21:00:00,Imbiribeira,0.0,1.53,1.53,0.0,Baixo
2026-05-07,21:00:00,Torreão,24.84570326,1.53,1.53,38.0139259878,Moderado
2026-05-07,20:00:00,Campina do Barreto,20.636384861499998,1.67,1.67,34.462762718704994,Moderado
2026-05-07,20:00:00,Dois Irmãos,15.4646367235,1.67,1.67,25.825943328245,Baixo
2026-05-07,20:00:00,Imbiribeira,0.0,1.67,1.67,0.0,Baixo
2026-05-07,20:00:00,Torreão,13.4067360533,1.67,1.67,22.389249209011,Baixo
2026-05-07,19:00:00,Campina do Barreto,2.3634780917,1.65,1.65,3.8997388513049995,Baixo
2026-05-07,19:00:00,Dois Irmãos,2.1853599999999984,1.65,1.65,3.605843999999997,Baixo
2026-05-07,19:00:00,Imbiribeira,0.0,1.65,1.65,0.0,Baixo
2026-05-07,19:00:00,Torreão,0.0,1.65,1.65,0.0,Baixo
2026-05-07,18:00:00,Campina do Barreto,2.3634780917,1.49,1.49,3.5215823566329996,Baixo
2026-05-07,18:00:00,Dois Irmãos,5.497519999999998,1.49,1.49,8.191304799999997,Baixo
2026-05-07,18:00:00,Imbiribeira,0.0,1.49,1.49,0.0,Baixo
2026-05-07,18:00:00,Torreão,0.0,1.49,1.49,0.0,Baixo
2026-05-07,17:00:00,Campina do Barreto,0.0,1.33,1.33,0.0,Baixo
2026-05-07,17:00:00,Dois Irmãos,0.5908515872999982,1.33,1.33,0.7858326111089976,Baixo
2026-05-07,17:00:00,Imbiribeira,0.2,1.33,1.33,0.266,Baixo
2026-05-07,17:00:00,Torreão,0.0,1.33,1.33,0.0,Baixo
2026-05-07,16:00:00,Campina do Barreto,0.0,1.16,1.16,0.0,Baixo
2026-05-07,16:00:00,Dois Irmãos,4.1359611110999985,1.16,1.16,4.797714888875998,Baixo
2026-05-07,16:00:00,Imbiribeira,0.2,1.16,1.16,0.23199999999999998,Baixo
2026-05-07,16:00:00,Torreão,0.0,1.16,1.16,0.0,Baixo
2026-05-07,15:00:00,Campina do Barreto,0.0,1.0,1.0,0.0,Baixo
2026-05-07,15:00:00,Dois Irmãos,0.0,1.0,1.0,0.0,Baixo
2026-05-07,15:00:00,Imbiribeira,0.0,1.0,1.0,0.0,Baixo
2026-05-07,15:00:00,Torreão,0.0,1.0,1.0,0.0,Baixo
2026-05-07,14:00:00,Campina do Barreto,0.0,0.83,1.0,0.0,Baixo
2026-05-07,14:00:00,Dois Irmãos,0.0,0.83,1.0,0.0,Baixo
2026-05-07,14:00:00,Imbiribeira,0.0,0.83,1.0,0.0,Baixo
2026-05-07,14:00:00,Torreão,0.0,0.83,1.0,0.0,Baixo
2026-05-07,13:00:00,Campina do Barreto,0.4,0.8,1.0,0.4,Baixo
2026-05-07,13:00:00,Dois Irmãos,1.7746502588999982,0.8,1.0,1.7746502588999982,Baixo
2026-05-07,13:00:00,Imbiribeira,0.0,0.8,1.0,0.0,Baixo
2026-05-07,13:00:00,Torreão,0.2,0.8,1.0,0.2,Baixo
2026-05-07,12:00:00,Campina do Barreto,0.79268,0.98,1.0,0.79268,Baixo
2026-05-07,12:00:00,Dois Irmãos,5.516401135199998,0.98,1.0,5.516401135199998,Baixo
2026-05-07,12:00:00,Imbiribeira,0.0,0.98,1.0,0.0,Baixo
2026-05-07,12:00:00,Torreão,0.6000000000000001,0.98,1.0,0.6000000000000001,Baixo
2026-05-07,11:00:00,Campina do Barreto,2.74876,1.16,1.16,3.1885615999999994,Baixo
2026-05-07,11:00:00,Dois Irmãos,8.2907811352,1.16,1.16,9.617306116832,Baixo
2026-05-07,11:00:00,Imbiribeira,0.4,1.16,1.16,0.46399999999999997,Baixo
2026-05-07,11:00:00,Torreão,2.7825215199000004,1.16,1.16,3.2277249630840004,Baixo
2026-05-07,10:00:00,Campina do Barreto,0.2,1.35,1.35,0.27,Baixo
2026-05-07,10:00:00,Dois Irmãos,8.876944536899998,1.35,1.35,11.983875124814999,Baixo
2026-05-07,10:00:00,Imbiribeira,1.6,1.35,1.35,2.16,Baixo
2026-05-07,10:00:00,Torreão,2.5825215199000002,1.35,1.35,3.4864040518650006,Baixo
2026-05-07,09:00:00,Campina do Barreto,2.9602347684,1.53,1.53,4.529159195652,Baixo
2026-05-07,09:00:00,Dois Irmãos,12.570493660599997,1.53,1.53,19.232855300717997,Baixo
2026-05-07,09:00:00,Imbiribeira,0.2,1.53,1.53,0.30600000000000005,Baixo
2026-05-07,09:00:00,Torreão,6.8776506393,1.53,1.53,10.522805478129,Baixo
2026-05-07,08:00:00,Campina do Barreto,4.1602347684000005,1.71,1.71,7.114001453964001,Baixo
2026-05-07,08:00:00,Dois Irmãos,4.123139999999998,1.71,1.71,7.050569399999996,Baixo
2026-05-07,08:00:00,Imbiribeira,0.2,1.71,1.71,0.342,Baixo
2026-05-07,08:00:00,Torreão,0.0,1.71,1.71,0.0,Baixo
2026-05-07,07:00:00,Campina do Barreto,4.130700539,1.86,1.86,7.683103002540001,Baixo
2026-05-07,07:00:00,Dois Irmãos,0.19999999999999823,1.86,1.86,0.3719999999999967,Baixo
2026-05-07,07:00:00,Imbiribeira,0.2,1.86,1.86,0.37200000000000005,Baixo
2026-05-07,07:00:00,Torreão,0.58902,1.86,1.86,1.0955772000000001,Baixo
2026-05-07,06:00:00,Campina do Barreto,0.2,1.69,1.69,0.338,Baixo
2026-05-07,06:00:00,Dois Irmãos,1.9929154233999986,1.69,1.69,3.3680270655459976,Baixo
2026-05-07,06:00:00,Imbiribeira,1.6,1.69,1.69,2.704,Baixo
2026-05-07,06:00:00,Torreão,0.58902,1.69,1.69,0.9954438,Baixo
2026-05-07,05:00:00,Campina do Barreto,2.5601337079,1.52,1.52,3.8914032360079998,Baixo
2026-05-07,05:00:00,Dois Irmãos,1.9929154233999984,1.52,1.52,3.0292314435679977,Baixo
2026-05-07,05:00:00,Imbiribeira,0.2,1.52,1.52,0.30400000000000005,Baixo
2026-05-07,05:00:00,Torreão,5.698675664,1.52,1.52,8.661987009279999,Baixo
2026-05-07,04:00:00,Campina do Barreto,2.3601337079,1.35,1.35,3.1861805056650003,Baixo
2026-05-07,04:00:00,Dois Irmãos,2.9504079637999983,1.35,1.35,3.9830507511299977,Baixo
2026-05-07,04:00:00,Imbiribeira,1.4000000000000001,1.35,1.35,1.8900000000000003,Baixo
2026-05-07,04:00:00,Torreão,11.028749648,1.35,1.35,14.8888120248,Baixo
2026-05-07,03:00:00,Campina do Barreto,0.0,1.18,1.18,0.0,Baixo
2026-05-07,03:00:00,Dois Irmãos,1.3999999999999984,1.18,1.18,1.651999999999998,Baixo
2026-05-07,03:00:00,Imbiribeira,0.0,1.18,1.18,0.0,Baixo
2026-05-07,03:00:00,Torreão,0.2,1.18,1.18,0.236,Baixo
2026-05-07,02:00:00,Campina do Barreto,0.0,1.01,1.01,0.0,Baixo
2026-05-07,02:00:00,Dois Irmãos,0.39999999999999825,1.01,1.01,0.40399999999999825,Baixo
2026-05-07,02:00:00,Imbiribeira,0.0,1.01,1.01,0.0,Baixo
2026-05-07,02:00:00,Torreão,0.2,1.01,1.01,0.202,Baixo
2026-05-07,01:00:00,Campina do Barreto,0.0,0.84,1.0,0.0,Baixo
2026-05-07,01:00:00,Dois Irmãos,0.39999999999999825,0.84,1.0,0.39999999999999825,Baixo
2026-05-07,01:00:00,Imbiribeira,0.4,0.84,1.0,0.4,Baixo
2026-05-07,01:00:00,Torreão,1.4000000000000001,0.84,1.0,1.4000000000000001,Baixo
2026-05-07,00:00:00,Campina do Barreto,0.0,0.87,1.0,0.0,Baixo
2026-05-07,00:00:00,Dois Irmãos,1.5999999999999983,0.87,1.0,1.5999999999999983,Baixo
2026-05-07,00:00:00,Imbiribeira,0.6000000000000001,0.87,1.0,0.6000000000000001,Baixo
2026-05-07,00:00:00,Torreão,0.0,0.87,1.0,0.0,Baixo
2026-05-06,23:00:00,Campina do Barreto,0.0,1.05,1.05,0.0,Baixo
2026-05-06,23:00:00,Dois Irmãos,0.0,1.05,1.05,0.0,Baixo
2026-05-06,23:00:00,Imbiribeira,1.8000000000000003,1.05,1.05,1.8900000000000003,Baixo
2026-05-06,23:00:00,Torreão,0.0,1.05,1.05,0.0,Baixo
2026-05-06,22:00:00,Campina do Barreto,0.9842922351999999,1.23,1.23,1.2106794492959998,Baixo
2026-05-06,22:00:00,Dois Irmãos,0.0,1.23,1.23,0.0,Baixo
2026-05-06,22:00:00,Imbiribeira,1.4000000000000001,1.23,1.23,1.7220000000000002,Baixo
2026-05-06,22:00:00,Torreão,,1.23,1.23,0.0,Baixo
2026-05-06,21:00:00,Campina do Barreto,,1.41,1.41,0.0,Baixo
2026-05-06,21:00:00,Dois Irmãos,0.0,1.41,1.41,0.0,Baixo
2026-05-06,21:00:00,Imbiribeira,,1.41,1.41,0.0,Baixo
2026-05-06,21:00:00,Torreão,0.2,1.41,1.41,0.282,Baixo
2026-05-06,20:00:00,Campina do Barreto,8.072003671200001,1.59,1.59,12.834485837208002,Baixo
2026-05-06,20:00:00,Dois Irmãos,0.0,1.59,1.59,0.0,Baixo
2026-05-06,20:00:00,Imbiribeira,0.59268,1.59,1.59,0.9423612,Baixo
2026-05-06,20:00:00,Torreão,2.1692853354,1.59,1.59,3.449163683286,Baixo
2026-05-06,19:00:00,Campina do Barreto,0.9819580248,1.77,1.77,1.7380657038960001,Baixo
2026-05-06,19:00:00,Dois Irmãos,0.0,1.77,1.77,0.0,Baixo
2026-05-06,19:00:00,Imbiribeira,2.74876,1.77,1.77,4.8653052,Baixo
2026-05-06,19:00:00,Torreão,3.3692853354000003,1.77,1.77,5.963635043658001,Baixo
2026-05-06,18:00:00,Campina do Barreto,6.8737061736000005,1.72,1.72,11.822774618592,Baixo
2026-05-06,18:00:00,Dois Irmãos,0.0,1.72,1.72,0.0,Baixo
2026-05-06,18:00:00,Imbiribeira,3.9267999999999996,1.72,1.72,6.754096,Baixo
2026-05-06,18:00:00,Torreão,13.7849973478,1.72,1.72,23.710195438215997,Baixo
2026-05-06,17:00:00,Campina do Barreto,0.0,1.53,1.53,0.0,Baixo
2026-05-06,17:00:00,Dois Irmãos,0.0,1.53,1.53,0.0,Baixo
2026-05-06,17:00:00,Imbiribeira,7.26458,1.53,1.53,11.1148074,Baixo
2026-05-06,17:00:00,Torreão,0.2,1.53,1.53,0.30600000000000005,Baixo
2026-05-06,16:00:00,Campina do Barreto,0.0,1.33,1.33,0.0,Baixo
2026-05-06,16:00:00,Dois Irmãos,0.0,1.33,1.33,0.0,Baixo
2026-05-06,16:00:00,Imbiribeira,11.58406,1.33,1.33,15.4067998,Baixo
2026-05-06,16:00:00,Torreão,1.4000000000000001,1.33,1.33,1.8620000000000003,Baixo
2026-05-06,15:00:00,Campina do Barreto,0.0,1.14,1.14,0.0,Baixo
2026-05-06,15:00:00,Dois Irmãos,0.5898688956999982,1.14,1.14,0.672450541097998,Baixo
2026-05-06,15:00:00,Imbiribeira,0.0,1.14,1.14,0.0,Baixo
2026-05-06,15:00:00,Torreão,0.0,1.14,1.14,0.0,Baixo
2026-05-06,14:00:00,Campina do Barreto,0.0,0.94,1.0,0.0,Baixo
2026-05-06,14:00:00,Dois Irmãos,0.9898688956999983,0.94,1.0,0.9898688956999983,Baixo
2026-05-06,14:00:00,Imbiribeira,0.0,0.94,1.0,0.0,Baixo
2026-05-06,14:00:00,Torreão,0.2,0.94,1.0,0.2,Baixo
2026-05-06,13:00:00,Campina do Barreto,0.6000000000000001,0.75,1.0,0.6000000000000001,Baixo
2026-05-06,13:00:00,Dois Irmãos,5.314645495599999,0.75,1.0,5.314645495599999,Baixo
2026-05-06,13:00:00,Imbiribeira,0.0,0.75,1.0,0.0,Baixo
2026-05-06,13:00:00,Torreão,0.78902,0.75,1.0,0.78902,Baixo
2026-05-06,12:00:00,Campina do Barreto,2.17438,0.72,1.0,2.17438,Baixo
2026-05-06,12:00:00,Dois Irmãos,6.717523717299998,0.72,1.0,6.717523717299998,Baixo
2026-05-06,12:00:00,Imbiribeira,0.0,0.72,1.0,0.0,Baixo
2026-05-06,12:00:00,Torreão,6.5287598461,0.72,1.0,6.5287598461,Baixo
2026-05-06,11:00:00,Campina do Barreto,6.5171709227,0.94,1.0,6.5171709227,Baixo
2026-05-06,11:00:00,Dois Irmãos,5.731960491599998,0.94,1.0,5.731960491599998,Baixo
2026-05-06,11:00:00,Imbiribeira,0.0,0.94,1.0,0.0,Baixo
2026-05-06,11:00:00,Torreão,9.255818979799999,0.94,1.0,9.255818979799999,Baixo
2026-05-06,10:00:00,Campina do Barreto,3.9354709227,1.17,1.17,4.604500979559,Baixo
2026-05-06,10:00:00,Dois Irmãos,5.305515237199998,1.17,1.17,6.207452827523998,Baixo
2026-05-06,10:00:00,Imbiribeira,0.0,1.17,1.17,0.0,Baixo
2026-05-06,10:00:00,Torreão,13.679562946499999,1.17,1.17,16.005088647405,Baixo
2026-05-06,09:00:00,Campina do Barreto,0.39268,1.39,1.39,0.5458251999999999,Baixo
2026-05-06,09:00:00,Dois Irmãos,3.538455237199998,1.39,1.39,4.918452779707997,Baixo
2026-05-06,09:00:00,Imbiribeira,0.0,1.39,1.39,0.0,Baixo
2026-05-06,09:00:00,Torreão,4.3235990936,1.39,1.39,6.009802740104,Baixo
2026-05-06,08:00:00,Campina do Barreto,0.0,1.62,1.62,0.0,Baixo
2026-05-06,08:00:00,Dois Irmãos,0.19999999999999823,1.62,1.62,0.3239999999999972,Baixo
2026-05-06,08:00:00,Imbiribeira,0.0,1.62,1.62,0.0,Baixo
2026-05-06,08:00:00,Torreão,1.4000000000000001,1.62,1.62,2.2680000000000002,Baixo
2026-05-06,07:00:00,Campina do Barreto,0.0,1.84,1.84,0.0,Baixo
2026-05-06,07:00:00,Dois Irmãos,1.3999999999999984,1.84,1.84,2.575999999999997,Baixo
2026-05-06,07:00:00,Imbiribeira,0.0,1.84,1.84,0.0,Baixo
2026-05-06,07:00:00,Torreão,0.0,1.84,1.84,0.0,Baixo
2026-05-06,06:00:00,Campina do Barreto,0.0,1.94,1.94,0.0,Baixo
2026-05-06,06:00:00,Dois Irmãos,0.0,1.94,1.94,0.0,Baixo
2026-05-06,06:00:00,Imbiribeira,0.2,1.94,1.94,0.388,Baixo
2026-05-06,06:00:00,Torreão,0.0,1.94,1.94,0.0,Baixo
2026-05-06,05:00:00,Campina do Barreto,0.0,1.72,1.72,0.0,Baixo
2026-05-06,05:00:00,Dois Irmãos,0.0,1.72,1.72,0.0,Baixo
2026-05-06,05:00:00,Imbiribeira,0.2,1.72,1.72,0.34400000000000003,Baixo
2026-05-06,05:00:00,Torreão,0.0,1.72,1.72,0.0,Baixo
2026-05-06,04:00:00,Campina do Barreto,0.0,1.5,1.5,0.0,Baixo
2026-05-06,04:00:00,Dois Irmãos,0.0,1.5,1.5,0.0,Baixo
2026-05-06,04:00:00,Imbiribeira,0.0,1.5,1.5,0.0,Baixo
2026-05-06,04:00:00,Torreão,0.0,1.5,1.5,0.0,Baixo
2026-05-06,03:00:00,Campina do Barreto,0.0,1.28,1.28,0.0,Baixo
2026-05-06,03:00:00,Dois Irmãos,0.0,1.28,1.28,0.0,Baixo
2026-05-06,03:00:00,Imbiribeira,0.0,1.28,1.28,0.0,Baixo
2026-05-06,03:00:00,Torreão,0.0,1.28,1.28,0.0,Baixo
2026-05-06,02:00:00,Campina do Barreto,1.376875817,1.07,1.07,1.47325712419,Baixo
2026-05-06,02:00:00,Dois Irmãos,0.0,1.07,1.07,0.0,Baixo
2026-05-06,02:00:00,Imbiribeira,0.2,1.07,1.07,0.21400000000000002,Baixo
2026-05-06,02:00:00,Torreão,0.39268,1.07,1.07,0.4201676,Baixo
2026-05-06,01:00:00,Campina do Barreto,1.376875817,0.85,1.0,1.376875817,Baixo
2026-05-06,01:00:00,Dois Irmãos,0.0,0.85,1.0,0.0,Baixo
2026-05-06,01:00:00,Imbiribeira,0.4,0.85,1.0,0.4,Baixo
2026-05-06,01:00:00,Torreão,0.39268,0.85,1.0,0.39268,Baixo
2026-05-06,00:00:00,Campina do Barreto,9.638130719,0.69,1.0,9.638130719,Baixo
2026-05-06,00:00:00,Dois Irmãos,0.0,0.69,1.0,0.0,Baixo
2026-05-06,00:00:00,Imbiribeira,1.8000000000000003,0.69,1.0,1.8000000000000003,Baixo
2026-05-06,00:00:00,Torreão,2.74876,0.69,1.0,2.74876,Baixo
2026-05-05,23:00:00,Campina do Barreto,0.39268,0.9,1.0,0.39268,Baixo
2026-05-05,23:00:00,Dois Irmãos,3.553941475699998,0.9,1.0,3.553941475699998,Baixo
2026-05-05,23:00:00,Imbiribeira,0.2,0.9,1.0,0.2,Baixo
2026-05-05,23:00:00,Torreão,2.9648523215,0.9,1.0,2.9648523215,Baixo
2026-05-05,22:00:00,Campina do Barreto,,1.12,1.12,0.0,Baixo
2026-05-05,22:00:00,Dois Irmãos,3.553941475699998,1.12,1.12,3.9804144527839984,Baixo
2026-05-05,22:00:00,Imbiribeira,,1.12,1.12,0.0,Baixo
2026-05-05,22:00:00,Torreão,4.1648523215,1.12,1.12,4.66463460008,Baixo
2026-05-05,21:00:00,Campina do Barreto,2.74876,1.33,1.33,3.6558508,Baixo
2026-05-05,21:00:00,Dois Irmãos,25.077590329899998,1.33,1.33,33.353195138767,Moderado
2026-05-05,21:00:00,Imbiribeira,0.4,1.33,1.33,0.532,Baixo
2026-05-05,21:00:00,Torreão,7.4770123215,1.33,1.33,9.944426387595001,Baixo
2026-05-05,20:00:00,Campina do Barreto,0.0,1.55,1.55,0.0,Baixo
2026-05-05,20:00:00,Dois Irmãos,0.19999999999999823,1.55,1.55,0.3099999999999973,Baixo
2026-05-05,20:00:00,Imbiribeira,0.6000000000000001,1.55,1.55,0.9300000000000002,Baixo
2026-05-05,20:00:00,Torreão,0.0,1.55,1.55,0.0,Baixo
2026-05-05,19:00:00,Campina do Barreto,0.0,1.76,1.76,0.0,Baixo
2026-05-05,19:00:00,Dois Irmãos,1.3999999999999984,1.76,1.76,2.4639999999999973,Baixo
2026-05-05,19:00:00,Imbiribeira,1.0,1.76,1.76,1.76,Baixo
2026-05-05,19:00:00,Torreão,0.0,1.76,1.76,0.0,Baixo
2026-05-05,18:00:00,Campina do Barreto,0.0,1.92,1.92,0.0,Baixo
2026-05-05,18:00:00,Dois Irmãos,0.0,1.92,1.92,0.0,Baixo
2026-05-05,18:00:00,Imbiribeira,2.4000000000000004,1.92,1.92,4.6080000000000005,Baixo
2026-05-05,18:00:00,Torreão,0.0,1.92,1.92,0.0,Baixo
2026-05-05,17:00:00,Campina do Barreto,0.0,1.69,1.69,0.0,Baixo
2026-05-05,17:00:00,Dois Irmãos,0.0,1.69,1.69,0.0,Baixo
2026-05-05,17:00:00,Imbiribeira,2.2,1.69,1.69,3.718,Baixo
2026-05-05,17:00:00,Torreão,0.0,1.69,1.69,0.0,Baixo
2026-05-05,16:00:00,Campina do Barreto,0.0,1.45,1.45,0.0,Baixo
2026-05-05,16:00:00,Dois Irmãos,0.0,1.45,1.45,0.0,Baixo
2026-05-05,16:00:00,Imbiribeira,2.0,1.45,1.45,2.9,Baixo
2026-05-05,16:00:00,Torreão,0.0,1.45,1.45,0.0,Baixo
2026-05-05,15:00:00,Campina do Barreto,0.0,1.21,1.21,0.0,Baixo
2026-05-05,15:00:00,Dois Irmãos,0.0,1.21,1.21,0.0,Baixo
2026-05-05,15:00:00,Imbiribeira,0.2,1.21,1.21,0.242,Baixo
2026-05-05,15:00:00,Torreão,0.0,1.21,1.21,0.0,Baixo
2026-05-05,14:00:00,Campina do Barreto,0.0,0.98,1.0,0.0,Baixo
2026-05-05,14:00:00,Dois Irmãos,0.0,0.98,1.0,0.0,Baixo
2026-05-05,14:00:00,Imbiribeira,0.0,0.98,1.0,0.0,Baixo
2026-05-05,14:00:00,Torreão,0.0,0.98,1.0,0.0,Baixo
2026-05-05,13:00:00,Campina do Barreto,0.0,0.74,1.0,0.0,Baixo
2026-05-05,13:00:00,Dois Irmãos,0.0,0.74,1.0,0.0,Baixo
2026-05-05,13:00:00,Imbiribeira,0.0,0.74,1.0,0.0,Baixo
2026-05-05,13:00:00,Torreão,0.0,0.74,1.0,0.0,Baixo
2026-05-05,12:00:00,Campina do Barreto,0.0,0.51,1.0,0.0,Baixo
2026-05-05,12:00:00,Dois Irmãos,0.0,0.51,1.0,0.0,Baixo
2026-05-05,12:00:00,Imbiribeira,,0.51,1.0,0.0,Baixo
2026-05-05,12:00:00,Torreão,0.0,0.51,1.0,0.0,Baixo
2026-05-05,11:00:00,Campina do Barreto,,0.76,1.0,0.0,Baixo
2026-05-05,11:00:00,Dois Irmãos,0.0,0.76,1.0,0.0,Baixo
2026-05-05,11:00:00,Imbiribeira,,0.76,1.0,0.0,Baixo
2026-05-05,11:00:00,Torreão,0.2,0.76,1.0,0.2,Baixo
2026-05-05,10:00:00,Campina do Barreto,0.0,1.0,1.0,0.0,Baixo
2026-05-05,10:00:00,Dois Irmãos,0.0,1.0,1.0,0.0,Baixo
2026-05-05,10:00:00,Imbiribeira,3.0,1.0,1.0,3.0,Baixo
2026-05-05,10:00:00,Torreão,0.2,1.0,1.0,0.2,Baixo
2026-05-05,09:00:00,Campina do Barreto,0.0,1.25,1.25,0.0,Baixo
2026-05-05,09:00:00,Dois Irmãos,0.0,1.25,1.25,0.0,Baixo
2026-05-05,09:00:00,Imbiribeira,3.0,1.25,1.25,3.75,Baixo
2026-05-05,09:00:00,Torreão,1.4000000000000001,1.25,1.25,1.7500000000000002,Baixo
2026-05-05,08:00:00,Campina do Barreto,0.2,1.49,1.49,0.298,Baixo
2026-05-05,08:00:00,Dois Irmãos,0.19999999999999823,1.49,1.49,0.2979999999999974,Baixo
2026-05-05,08:00:00,Imbiribeira,3.4000000000000004,1.49,1.49,5.066000000000001,Baixo
2026-05-05,08:00:00,Torreão,0.0,1.49,1.49,0.0,Baixo
2026-05-05,07:00:00,Campina do Barreto,0.2,1.74,1.74,0.34800000000000003,Baixo
2026-05-05,07:00:00,Dois Irmãos,0.39999999999999825,1.74,1.74,0.695999999999997,Baixo
2026-05-05,07:00:00,Imbiribeira,3.4000000000000004,1.74,1.74,5.916,Baixo
2026-05-05,07:00:00,Torreão,0.2,1.74,1.74,0.34800000000000003,Baixo
2026-05-05,06:00:00,Campina do Barreto,0.79268,1.99,1.99,1.5774332000000002,Baixo
2026-05-05,06:00:00,Dois Irmãos,2.3853599999999986,1.99,1.99,4.746866399999997,Baixo
2026-05-05,06:00:00,Imbiribeira,3.4000000000000004,1.99,1.99,6.766000000000001,Baixo
2026-05-05,06:00:00,Torreão,3.34876,1.99,1.99,6.6640324,Baixo
2026-05-05,05:00:00,Campina do Barreto,4.91948,1.99,1.99,9.7897652,Baixo
2026-05-05,05:00:00,Dois Irmãos,12.009706218199998,1.99,1.99,23.899315374217995,Baixo
2026-05-05,05:00:00,Imbiribeira,3.6000000000000005,1.99,1.99,7.164000000000001,Baixo
2026-05-05,05:00:00,Torreão,7.4940100758999995,1.99,1.99,14.913080051040998,Baixo
2026-05-05,04:00:00,Campina do Barreto,12.4039816373,1.73,1.73,21.458888232529,Baixo
2026-05-05,04:00:00,Dois Irmãos,27.3236316862,1.73,1.73,47.269882817125996,Moderado
2026-05-05,04:00:00,Imbiribeira,3.6000000000000005,1.73,1.73,6.228000000000001,Baixo
2026-05-05,04:00:00,Torreão,12.602413314700001,1.73,1.73,21.802175034431002,Baixo
2026-05-05,03:00:00,Campina do Barreto,16.5060671625,1.48,1.48,24.428979400499998,Baixo
2026-05-05,03:00:00,Dois Irmãos,49.598414672,1.48,1.48,73.40565371455999,Moderado Alto
2026-05-05,03:00:00,Imbiribeira,3.4000000000000004,1.48,1.48,5.032,Baixo
2026-05-05,03:00:00,Torreão,30.490970142400002,1.48,1.48,45.126635810752,Moderado
2026-05-05,02:00:00,Campina do Barreto,21.6190256888,1.22,1.22,26.375211340336,Baixo
2026-05-05,02:00:00,Dois Irmãos,33.8781447142,1.22,1.22,41.33133655132399,Moderado
2026-05-05,02:00:00,Imbiribeira,2.8000000000000003,1.22,1.22,3.4160000000000004,Baixo
2026-05-05,02:00:00,Torreão,62.1139055361,1.22,1.22,75.778964754042,Moderado Alto
2026-05-05,01:00:00,Campina do Barreto,52.1578809627,0.97,1.0,52.1578809627,Moderado Alto
2026-05-05,01:00:00,Dois Irmãos,23.8407832499,0.97,1.0,23.8407832499,Baixo
2026-05-05,01:00:00,Imbiribeira,2.4000000000000004,0.97,1.0,2.4000000000000004,Baixo
2026-05-05,01:00:00,Torreão,59.7000960213,0.97,1.0,59.7000960213,Moderado Alto
2026-05-05,00:00:00,Campina do Barreto,34.240640617,0.71,1.0,34.240640617,Moderado
2026-05-05,00:00:00,Dois Irmãos,27.3390270281,0.71,1.0,27.3390270281,Baixo
2026-05-05,00:00:00,Imbiribeira,1.8000000000000003,0.71,1.0,1.8000000000000003,Baixo
2026-05-05,00:00:00,Torreão,23.2567186244,0.71,1.0,23.2567186244,Baixo
2026-05-04,23:00:00,Campina do Barreto,11.8240092741,0.62,1.0,11.8240092741,Baixo
2026-05-04,23:00:00,Dois Irmãos,14.1452064474,0.62,1.0,14.1452064474,Baixo
2026-05-04,23:00:00,Imbiribeira,1.4000000000000001,0.62,1.0,1.4000000000000001,Baixo
2026-05-04,23:00:00,Torreão,7.703481640700001,0.62,1.0,7.703481640700001,Baixo
2026-05-04,22:00:00,Campina do Barreto,2.74876,0.88,1.0,2.74876,Baixo
2026-05-04,22:00:00,Dois Irmãos,3.1673191337000004,0.88,1.0,3.1673191337000004,Baixo
2026-05-04,22:00:00,Imbiribeira,0.2,0.88,1.0,0.2,Baixo
2026-05-04,22:00:00,Torreão,1.9890200000000002,0.88,1.0,1.9890200000000002,Baixo
2026-05-04,21:00:00,Campina do Barreto,0.0,1.13,1.13,0.0,Baixo
2026-05-04,21:00:00,Dois Irmãos,5.3072856903,1.13,1.13,5.997232830038999,Baixo
2026-05-04,21:00:00,Imbiribeira,0.7926799999999999,1.13,1.13,0.8957283999999999,Baixo
2026-05-04,21:00:00,Torreão,4.123139999999999,1.13,1.13,4.659148199999999,Baixo
2026-05-04,20:00:00,Campina do Barreto,0.0,1.38,1.38,0.0,Baixo
2026-05-04,20:00:00,Dois Irmãos,4.5201117544,1.38,1.38,6.237754221072,Baixo
2026-05-04,20:00:00,Imbiribeira,2.7899265283,1.38,1.38,3.8500986090539997,Baixo
2026-05-04,20:00:00,Torreão,0.0,1.38,1.38,0.0,Baixo
2026-05-04,19:00:00,Campina do Barreto,0.0,1.64,1.64,0.0,Baixo
2026-05-04,19:00:00,Dois Irmãos,0.0,1.64,1.64,0.0,Baixo
2026-05-04,19:00:00,Imbiribeira,3.9807256981000005,1.64,1.64,6.528390144884001,Baixo
2026-05-04,19:00:00,Torreão,0.0,1.64,1.64,0.0,Baixo
2026-05-04,18:00:00,Campina do Barreto,0.0,1.89,1.89,0.0,Baixo
2026-05-04,18:00:00,Dois Irmãos,0.0,1.89,1.89,0.0,Baixo
2026-05-04,18:00:00,Imbiribeira,2.7926800000000003,1.89,1.89,5.2781652,Baixo
2026-05-04,18:00:00,Torreão,0.0,1.89,1.89,0.0,Baixo
2026-05-04,17:00:00,Campina do Barreto,0.0,1.97,1.97,0.0,Baixo
2026-05-04,17:00:00,Dois Irmãos,0.0,1.97,1.97,0.0,Baixo
2026-05-04,17:00:00,Imbiribeira,1.18536,1.97,1.97,2.3351592,Baixo
2026-05-04,17:00:00,Torreão,0.0,1.97,1.97,0.0,Baixo
2026-05-04,16:00:00,Campina do Barreto,0.0,1.69,1.69,0.0,Baixo
2026-05-04,16:00:00,Dois Irmãos,0.0,1.69,1.69,0.0,Baixo
2026-05-04,16:00:00,Imbiribeira,2.74876,1.69,1.69,4.645404399999999,Baixo
2026-05-04,16:00:00,Torreão,0.0,1.69,1.69,0.0,Baixo
2026-05-04,15:00:00,Campina do Barreto,0.0,1.42,1.42,0.0,Baixo
2026-05-04,15:00:00,Dois Irmãos,0.0,1.42,1.42,0.0,Baixo
2026-05-04,15:00:00,Imbiribeira,0.0,1.42,1.42,0.0,Baixo
2026-05-04,15:00:00,Torreão,0.0,1.42,1.42,0.0,Baixo
2026-05-04,14:00:00,Campina do Barreto,0.0,1.15,1.15,0.0,Baixo
2026-05-04,14:00:00,Dois Irmãos,0.0,1.15,1.15,0.0,Baixo
2026-05-04,14:00:00,Imbiribeira,0.0,1.15,1.15,0.0,Baixo
2026-05-04,14:00:00,Torreão,0.0,1.15,1.15,0.0,Baixo
2026-05-04,13:00:00,Campina do Barreto,0.0,0.88,1.0,0.0,Baixo
2026-05-04,13:00:00,Dois Irmãos,0.0,0.88,1.0,0.0,Baixo
2026-05-04,13:00:00,Imbiribeira,0.0,0.88,1.0,0.0,Baixo
2026-05-04,13:00:00,Torreão,0.0,0.88,1.0,0.0,Baixo
2026-05-04,12:00:00,Campina do Barreto,0.0,0.6,1.0,0.0,Baixo
2026-05-04,12:00:00,Dois Irmãos,0.0,0.6,1.0,0.0,Baixo
2026-05-04,12:00:00,Imbiribeira,0.0,0.6,1.0,0.0,Baixo
2026-05-04,12:00:00,Torreão,0.0,0.6,1.0,0.0,Baixo
2026-05-04,11:00:00,Campina do Barreto,0.0,0.49,1.0,0.0,Baixo
2026-05-04,11:00:00,Dois Irmãos,0.0,0.49,1.0,0.0,Baixo
2026-05-04,11:00:00,Imbiribeira,0.0,0.49,1.0,0.0,Baixo
2026-05-04,11:00:00,Torreão,0.0,0.49,1.0,0.0,Baixo
2026-05-04,10:00:00,Campina do Barreto,0.0,0.78,1.0,0.0,Baixo
2026-05-04,10:00:00,Dois Irmãos,0.0,0.78,1.0,0.0,Baixo
2026-05-04,10:00:00,Imbiribeira,0.0,0.78,1.0,0.0,Baixo
2026-05-04,10:00:00,Torreão,0.0,0.78,1.0,0.0,Baixo
2026-05-04,09:00:00,Campina do Barreto,0.0,1.07,1.07,0.0,Baixo
2026-05-04,09:00:00,Dois Irmãos,0.0,1.07,1.07,0.0,Baixo
2026-05-04,09:00:00,Imbiribeira,0.2,1.07,1.07,0.21400000000000002,Baixo
2026-05-04,09:00:00,Torreão,0.0,1.07,1.07,0.0,Baixo
2026-05-04,08:00:00,Campina do Barreto,0.0,1.36,1.36,0.0,Baixo
2026-05-04,08:00:00,Dois Irmãos,0.0,1.36,1.36,0.0,Baixo
2026-05-04,08:00:00,Imbiribeira,0.2,1.36,1.36,0.272,Baixo
2026-05-04,08:00:00,Torreão,0.0,1.36,1.36,0.0,Baixo
2026-05-04,07:00:00,Campina do Barreto,0.58902,1.65,1.65,0.9718829999999999,Baixo
2026-05-04,07:00:00,Dois Irmãos,0.0,1.65,1.65,0.0,Baixo
2026-05-04,07:00:00,Imbiribeira,1.6,1.65,1.65,2.64,Baixo
2026-05-04,07:00:00,Torreão,0.4,1.65,1.65,0.66,Baixo
2026-05-04,06:00:00,Campina do Barreto,0.58902,1.94,1.94,1.1426988,Baixo
2026-05-04,06:00:00,Dois Irmãos,0.0,1.94,1.94,0.0,Baixo
2026-05-04,06:00:00,Imbiribeira,0.4,1.94,1.94,0.776,Baixo
2026-05-04,06:00:00,Torreão,0.4,1.94,1.94,0.776,Baixo
2026-05-04,05:00:00,Campina do Barreto,4.123139999999999,2.17,2.17,8.947213799999998,Baixo
2026-05-04,05:00:00,Dois Irmãos,0.0,2.17,2.17,0.0,Baixo
2026-05-04,05:00:00,Imbiribeira,0.2,2.17,2.17,0.434,Baixo
2026-05-04,05:00:00,Torreão,1.6,2.17,2.17,3.472,Baixo
2026-05-04,04:00:00,Campina do Barreto,0.0,1.88,1.88,0.0,Baixo
2026-05-04,04:00:00,Dois Irmãos,0.0,1.88,1.88,0.0,Baixo
2026-05-04,04:00:00,Imbiribeira,0.0,1.88,1.88,0.0,Baixo
2026-05-04,04:00:00,Torreão,0.0,1.88,1.88,0.0,Baixo
2026-05-04,03:00:00,Campina do Barreto,0.0,1.6,1.6,0.0,Baixo
2026-05-04,03:00:00,Dois Irmãos,0.0,1.6,1.6,0.0,Baixo
2026-05-04,03:00:00,Imbiribeira,0.0,1.6,1.6,0.0,Baixo
2026-05-04,03:00:00,Torreão,0.0,1.6,1.6,0.0,Baixo
2026-05-04,02:00:00,Campina do Barreto,0.0,1.31,1.31,0.0,Baixo
2026-05-04,02:00:00,Dois Irmãos,0.0,1.31,1.31,0.0,Baixo
2026-05-04,02:00:00,Imbiribeira,0.4,1.31,1.31,0.524,Baixo
2026-05-04,02:00:00,Torreão,0.0,1.31,1.31,0.0,Baixo
2026-05-04,01:00:00,Campina do Barreto,0.0,1.02,1.02,0.0,Baixo
2026-05-04,01:00:00,Dois Irmãos,0.0,1.02,1.02,0.0,Baixo
2026-05-04,01:00:00,Imbiribeira,1.6,1.02,1.02,1.6320000000000001,Baixo
2026-05-04,01:00:00,Torreão,0.0,1.02,1.02,0.0,Baixo
2026-05-04,00:00:00,Campina do Barreto,0.0,0.73,1.0,0.0,Baixo
2026-05-04,00:00:00,Dois Irmãos,0.0,0.73,1.0,0.0,Baixo
2026-05-04,00:00:00,Imbiribeira,0.0,0.73,1.0,0.0,Baixo
2026-05-04,00:00:00,Torreão,0.0,0.73,1.0,0.0,Baixo
2026-05-03,23:00:00,Campina do Barreto,0.0,0.46,1.0,0.0,Baixo
2026-05-03,23:00:00,Dois Irmãos,0.0,0.46,1.0,0.0,Baixo
2026-05-03,23:00:00,Imbiribeira,0.0,0.46,1.0,0.0,Baixo
2026-05-03,23:00:00,Torreão,0.0,0.46,1.0,0.0,Baixo
2026-05-03,22:00:00,Campina do Barreto,0.0,0.72,1.0,0.0,Baixo
2026-05-03,22:00:00,Dois Irmãos,0.0,0.72,1.0,0.0,Baixo
2026-05-03,22:00:00,Imbiribeira,0.0,0.72,1.0,0.0,Baixo
2026-05-03,22:00:00,Torreão,,0.72,1.0,0.0,Baixo
2026-05-03,21:00:00,Campina do Barreto,,0.99,1.0,0.0,Baixo
2026-05-03,21:00:00,Dois Irmãos,,0.99,1.0,0.0,Baixo
2026-05-03,21:00:00,Imbiribeira,,0.99,1.0,0.0,Baixo
2026-05-03,21:00:00,Torreão,0.0,0.99,1.0,0.0,Baixo
2026-05-03,20:00:00,Campina do Barreto,0.0,1.25,1.25,0.0,Baixo
2026-05-03,20:00:00,Dois Irmãos,0.0,1.25,1.25,0.0,Baixo
2026-05-03,20:00:00,Imbiribeira,0.4,1.25,1.25,0.5,Baixo
2026-05-03,20:00:00,Torreão,0.0,1.25,1.25,0.0,Baixo
2026-05-03,19:00:00,Campina do Barreto,0.0,1.52,1.52,0.0,Baixo
2026-05-03,19:00:00,Dois Irmãos,0.0,1.52,1.52,0.0,Baixo
2026-05-03,19:00:00,Imbiribeira,0.4,1.52,1.52,0.6080000000000001,Baixo
2026-05-03,19:00:00,Torreão,0.0,1.52,1.52,0.0,Baixo
2026-05-03,18:00:00,Campina do Barreto,0.0,1.79,1.79,0.0,Baixo
2026-05-03,18:00:00,Dois Irmãos,0.0,1.79,1.79,0.0,Baixo
2026-05-03,18:00:00,Imbiribeira,0.0,1.79,1.79,0.0,Baixo
2026-05-03,18:00:00,Torreão,0.0,1.79,1.79,0.0,Baixo
2026-05-03,17:00:00,Campina do Barreto,0.0,2.05,2.05,0.0,Baixo
2026-05-03,17:00:00,Dois Irmãos,0.0,2.05,2.05,0.0,Baixo
2026-05-03,17:00:00,Imbiribeira,0.0,2.05,2.05,0.0,Baixo
2026-05-03,17:00:00,Torreão,0.0,2.05,2.05,0.0,Baixo
2026-05-03,16:00:00,Campina do Barreto,0.0,1.98,1.98,0.0,Baixo
2026-05-03,16:00:00,Dois Irmãos,0.0,1.98,1.98,0.0,Baixo
2026-05-03,16:00:00,Imbiribeira,0.0,1.98,1.98,0.0,Baixo
2026-05-03,16:00:00,Torreão,0.0,1.98,1.98,0.0,Baixo
2026-05-03,15:00:00,Campina do Barreto,0.0,1.68,1.68,0.0,Baixo
2026-05-03,15:00:00,Dois Irmãos,0.0,1.68,1.68,0.0,Baixo
2026-05-03,15:00:00,Imbiribeira,0.0,1.68,1.68,0.0,Baixo
2026-05-03,15:00:00,Torreão,0.0,1.68,1.68,0.0,Baixo
2026-05-03,14:00:00,Campina do Barreto,0.0,1.38,1.38,0.0,Baixo
2026-05-03,14:00:00,Dois Irmãos,0.0,1.38,1.38,0.0,Baixo
2026-05-03,14:00:00,Imbiribeira,0.0,1.38,1.38,0.0,Baixo
2026-05-03,14:00:00,Torreão,0.0,1.38,1.38,0.0,Baixo
2026-05-03,13:00:00,Campina do Barreto,0.0,1.08,1.08,0.0,Baixo
2026-05-03,13:00:00,Dois Irmãos,0.0,1.08,1.08,0.0,Baixo
2026-05-03,13:00:00,Imbiribeira,0.0,1.08,1.08,0.0,Baixo
2026-05-03,13:00:00,Torreão,0.0,1.08,1.08,0.0,Baixo
2026-05-03,12:00:00,Campina do Barreto,0.0,0.78,1.0,0.0,Baixo
2026-05-03,12:00:00,Dois Irmãos,0.0,0.78,1.0,0.0,Baixo
2026-05-03,12:00:00,Imbiribeira,0.0,0.78,1.0,0.0,Baixo
2026-05-03,12:00:00,Torreão,0.0,0.78,1.0,0.0,Baixo
2026-05-03,11:00:00,Campina do Barreto,0.0,0.48,1.0,0.0,Baixo
2026-05-03,11:00:00,Dois Irmãos,0.0,0.48,1.0,0.0,Baixo
2026-05-03,11:00:00,Imbiribeira,0.0,0.48,1.0,0.0,Baixo
2026-05-03,11:00:00,Torreão,0.0,0.48,1.0,0.0,Baixo
2026-05-03,10:00:00,Campina do Barreto,0.2,0.48,1.0,0.2,Baixo
2026-05-03,10:00:00,Dois Irmãos,0.0,0.48,1.0,0.0,Baixo
2026-05-03,10:00:00,Imbiribeira,0.0,0.48,1.0,0.0,Baixo
2026-05-03,10:00:00,Torreão,0.0,0.48,1.0,0.0,Baixo
2026-05-03,09:00:00,Campina do Barreto,1.4000000000000001,0.8,1.0,1.4000000000000001,Baixo
2026-05-03,09:00:00,Dois Irmãos,0.0,0.8,1.0,0.0,Baixo
2026-05-03,09:00:00,Imbiribeira,0.0,0.8,1.0,0.0,Baixo
2026-05-03,09:00:00,Torreão,0.0,0.8,1.0,0.0,Baixo
2026-05-03,08:00:00,Campina do Barreto,0.0,1.11,1.11,0.0,Baixo
2026-05-03,08:00:00,Dois Irmãos,0.0,1.11,1.11,0.0,Baixo
2026-05-03,08:00:00,Imbiribeira,1.7817,1.11,1.11,1.9776870000000002,Baixo
2026-05-03,08:00:00,Torreão,0.0,1.11,1.11,0.0,Baixo
2026-05-03,07:00:00,Campina do Barreto,0.0,1.43,1.43,0.0,Baixo
2026-05-03,07:00:00,Dois Irmãos,0.0,1.43,1.43,0.0,Baixo
2026-05-03,07:00:00,Imbiribeira,3.3817000000000004,1.43,1.43,4.835831000000001,Baixo
2026-05-03,07:00:00,Torreão,0.0,1.43,1.43,0.0,Baixo
2026-05-03,06:00:00,Campina do Barreto,0.0,1.74,1.74,0.0,Baixo
2026-05-03,06:00:00,Dois Irmãos,0.2,1.74,1.74,0.34800000000000003,Baixo
2026-05-03,06:00:00,Imbiribeira,2.0,1.74,1.74,3.48,Baixo
2026-05-03,06:00:00,Torreão,0.0,1.74,1.74,0.0,Baixo
2026-05-03,05:00:00,Campina do Barreto,0.0,2.06,2.06,0.0,Baixo
2026-05-03,05:00:00,Dois Irmãos,0.2,2.06,2.06,0.41200000000000003,Baixo
2026-05-03,05:00:00,Imbiribeira,2.0196,2.06,2.06,4.160376,Baixo
2026-05-03,05:00:00,Torreão,0.0,2.06,2.06,0.0,Baixo
2026-05-03,04:00:00,Campina do Barreto,0.0,2.15,2.15,0.0,Baixo
2026-05-03,04:00:00,Dois Irmãos,1.4000000000000001,2.15,2.15,3.0100000000000002,Baixo
2026-05-03,04:00:00,Imbiribeira,2.9372,2.15,2.15,6.314979999999999,Baixo
2026-05-03,04:00:00,Torreão,0.0,2.15,2.15,0.0,Baixo
2026-05-03,03:00:00,Campina do Barreto,0.0,1.84,1.84,0.0,Baixo
2026-05-03,03:00:00,Dois Irmãos,0.0,1.84,1.84,0.0,Baixo
2026-05-03,03:00:00,Imbiribeira,0.0,1.84,1.84,0.0,Baixo
2026-05-03,03:00:00,Torreão,0.0,1.84,1.84,0.0,Baixo
2026-05-03,02:00:00,Campina do Barreto,0.0,1.53,1.53,0.0,Baixo
2026-05-03,02:00:00,Dois Irmãos,0.0,1.53,1.53,0.0,Baixo
2026-05-03,02:00:00,Imbiribeira,0.2,1.53,1.53,0.30600000000000005,Baixo
2026-05-03,02:00:00,Torreão,0.0,1.53,1.53,0.0,Baixo
2026-05-03,01:00:00,Campina do Barreto,0.0,1.22,1.22,0.0,Baixo
2026-05-03,01:00:00,Dois Irmãos,0.0,1.22,1.22,0.0,Baixo
2026-05-03,01:00:00,Imbiribeira,0.4,1.22,1.22,0.488,Baixo
2026-05-03,01:00:00,Torreão,0.0,1.22,1.22,0.0,Baixo
2026-05-03,00:00:00,Campina do Barreto,0.0,0.91,1.0,0.0,Baixo
2026-05-03,00:00:00,Dois Irmãos,0.0,0.91,1.0,0.0,Baixo
2026-05-03,00:00:00,Imbiribeira,1.8000000000000003,0.91,1.0,1.8000000000000003,Baixo
2026-05-03,00:00:00,Torreão,0.0,0.91,1.0,0.0,Baixo
2026-05-02,23:00:00,Campina do Barreto,0.0,0.6,1.0,0.0,Baixo
2026-05-02,23:00:00,Dois Irmãos,0.0,0.6,1.0,0.0,Baixo
2026-05-02,23:00:00,Imbiribeira,0.4,0.6,1.0,0.4,Baixo
2026-05-02,23:00:00,Torreão,0.0,0.6,1.0,0.0,Baixo
2026-05-02,22:00:00,Campina do Barreto,0.0,0.49,1.0,0.0,Baixo
2026-05-02,22:00:00,Dois Irmãos,0.0,0.49,1.0,0.0,Baixo
2026-05-02,22:00:00,Imbiribeira,0.4,0.49,1.0,0.4,Baixo
2026-05-02,22:00:00,Torreão,0.0,0.49,1.0,0.0,Baixo
2026-05-02,21:00:00,Campina do Barreto,,0.79,1.0,0.0,Baixo
2026-05-02,21:00:00,Dois Irmãos,,0.79,1.0,0.0,Baixo
2026-05-02,21:00:00,Imbiribeira,,0.79,1.0,0.0,Baixo
2026-05-02,21:00:00,Torreão,0.0,0.79,1.0,0.0,Baixo
2026-05-02,20:00:00,Campina do Barreto,0.0,1.09,1.09,0.0,Baixo
2026-05-02,20:00:00,Dois Irmãos,0.2,1.09,1.09,0.21800000000000003,Baixo
2026-05-02,20:00:00,Imbiribeira,2.7857551757000003,1.09,1.09,3.0364731415130004,Baixo
2026-05-02,20:00:00,Torreão,0.0,1.09,1.09,0.0,Baixo
2026-05-02,19:00:00,Campina do Barreto,0.0,1.39,1.39,0.0,Baixo
2026-05-02,19:00:00,Dois Irmãos,3.3713551032,1.39,1.39,4.686183593448,Baixo
2026-05-02,19:00:00,Imbiribeira,0.4,1.39,1.39,0.5559999999999999,Baixo
2026-05-02,19:00:00,Torreão,0.0,1.39,1.39,0.0,Baixo
2026-05-02,18:00:00,Campina do Barreto,0.0,1.69,1.69,0.0,Baixo
2026-05-02,18:00:00,Dois Irmãos,4.5713551032,1.69,1.69,7.725590124408,Baixo
2026-05-02,18:00:00,Imbiribeira,0.0,1.69,1.69,0.0,Baixo
2026-05-02,18:00:00,Torreão,0.0,1.69,1.69,0.0,Baixo
2026-05-02,17:00:00,Campina do Barreto,0.0,1.99,1.99,0.0,Baixo
2026-05-02,17:00:00,Dois Irmãos,6.716790834999999,1.99,1.99,13.36641376165,Baixo
2026-05-02,17:00:00,Imbiribeira,0.0,1.99,1.99,0.0,Baixo
2026-05-02,17:00:00,Torreão,0.0,1.99,1.99,0.0,Baixo
2026-05-02,16:00:00,Campina do Barreto,0.0,2.15,2.15,0.0,Baixo
2026-05-02,16:00:00,Dois Irmãos,0.0,2.15,2.15,0.0,Baixo
2026-05-02,16:00:00,Imbiribeira,0.0,2.15,2.15,0.0,Baixo
2026-05-02,16:00:00,Torreão,0.0,2.15,2.15,0.0,Baixo
2026-05-02,15:00:00,Campina do Barreto,0.0,1.83,1.83,0.0,Baixo
2026-05-02,15:00:00,Dois Irmãos,0.39268,1.83,1.83,0.7186044,Baixo
2026-05-02,15:00:00,Imbiribeira,0.0,1.83,1.83,0.0,Baixo
2026-05-02,15:00:00,Torreão,0.3991853158,1.83,1.83,0.730509127914,Baixo
2026-05-02,14:00:00,Campina do Barreto,0.0,1.51,1.51,0.0,Baixo
2026-05-02,14:00:00,Dois Irmãos,0.39268,1.51,1.51,0.5929468,Baixo
2026-05-02,14:00:00,Imbiribeira,0.0,1.51,1.51,0.0,Baixo
2026-05-02,14:00:00,Torreão,0.7918653158,1.51,1.51,1.195716626858,Baixo
2026-05-02,13:00:00,Campina do Barreto,0.0,1.19,1.19,0.0,Baixo
2026-05-02,13:00:00,Dois Irmãos,2.74876,1.19,1.19,3.2710243999999995,Baixo
2026-05-02,13:00:00,Imbiribeira,0.0,1.19,1.19,0.0,Baixo
2026-05-02,13:00:00,Torreão,3.3869772106,1.19,1.19,4.030502880614,Baixo
2026-05-02,12:00:00,Campina do Barreto,0.78902,0.87,1.0,0.78902,Baixo
2026-05-02,12:00:00,Dois Irmãos,0.2,0.87,1.0,0.2,Baixo
2026-05-02,12:00:00,Imbiribeira,0.0,0.87,1.0,0.0,Baixo
2026-05-02,12:00:00,Torreão,1.0196,0.87,1.0,1.0196,Baixo
2026-05-02,11:00:00,Campina do Barreto,1.77072,0.55,1.0,1.77072,Baixo
2026-05-02,11:00:00,Dois Irmãos,2.97804,0.55,1.0,2.97804,Baixo
2026-05-02,11:00:00,Imbiribeira,0.0,0.55,1.0,0.0,Baixo
2026-05-02,11:00:00,Torreão,5.16836,0.55,1.0,5.16836,Baixo
2026-05-02,10:00:00,Campina do Barreto,3.73412,0.33,1.0,3.73412,Baixo
2026-05-02,10:00:00,Dois Irmãos,4.15974,0.33,1.0,4.15974,Baixo
2026-05-02,10:00:00,Imbiribeira,0.0,0.33,1.0,0.0,Baixo
2026-05-02,10:00:00,Torreão,7.46766,0.33,1.0,7.46766,Baixo
2026-05-02,09:00:00,Campina do Barreto,7.46824,0.66,1.0,7.46824,Baixo
2026-05-02,09:00:00,Dois Irmãos,5.115819999999999,0.66,1.0,5.115819999999999,Baixo
2026-05-02,09:00:00,Imbiribeira,0.0,0.66,1.0,0.0,Baixo
2026-05-02,09:00:00,Torreão,6.13046,0.66,1.0,6.13046,Baixo
2026-05-02,08:00:00,Campina do Barreto,7.1138429602,0.98,1.0,7.1138429602,Baixo
2026-05-02,08:00:00,Dois Irmãos,6.906607106,0.98,1.0,6.906607106,Baixo
2026-05-02,08:00:00,Imbiribeira,0.0,0.98,1.0,0.0,Baixo
2026-05-02,08:00:00,Torreão,5.5363964873,0.98,1.0,5.5363964873,Baixo
2026-05-02,07:00:00,Campina do Barreto,9.0702416772,1.31,1.31,11.882016597132,Baixo
2026-05-02,07:00:00,Dois Irmãos,9.826087106,1.31,1.31,12.87217410886,Baixo
2026-05-02,07:00:00,Imbiribeira,0.0,1.31,1.31,0.0,Baixo
2026-05-02,07:00:00,Torreão,8.0859764427,1.31,1.31,10.592629139937,Baixo
2026-05-02,06:00:00,Campina do Barreto,7.890306442399999,1.64,1.64,12.940102565535998,Baixo
2026-05-02,06:00:00,Dois Irmãos,8.2536,1.64,1.64,13.535904,Baixo
2026-05-02,06:00:00,Imbiribeira,0.0,1.64,1.64,0.0,Baixo
2026-05-02,06:00:00,Torreão,9.0483596878,1.64,1.64,14.839309887991998,Baixo
2026-05-02,05:00:00,Campina do Barreto,5.3480479638,1.96,1.96,10.482174009048,Baixo
2026-05-02,05:00:00,Dois Irmãos,5.92314,1.96,1.96,11.609354399999999,Baixo
2026-05-02,05:00:00,Imbiribeira,0.0,1.96,1.96,0.0,Baixo
2026-05-02,05:00:00,Torreão,7.075559999999999,1.96,1.96,13.868097599999999,Baixo
2026-05-02,04:00:00,Campina do Barreto,3.34876,2.27,2.27,7.6016852,Baixo
2026-05-02,04:00:00,Dois Irmãos,1.9926800000000002,2.27,2.27,4.523383600000001,Baixo
2026-05-02,04:00:00,Imbiribeira,0.0,2.27,2.27,0.0,Baixo
2026-05-02,04:00:00,Torreão,5.89386,2.27,2.27,13.3790622,Baixo
2026-05-02,03:00:00,Campina do Barreto,0.2,1.98,1.98,0.396,Baixo
2026-05-02,03:00:00,Dois Irmãos,0.0,1.98,1.98,0.0,Baixo
2026-05-02,03:00:00,Imbiribeira,0.0,1.98,1.98,0.0,Baixo
2026-05-02,03:00:00,Torreão,0.0,1.98,1.98,0.0,Baixo
2026-05-02,02:00:00,Campina do Barreto,0.2,1.68,1.68,0.336,Baixo
2026-05-02,02:00:00,Dois Irmãos,0.0,1.68,1.68,0.0,Baixo
2026-05-02,02:00:00,Imbiribeira,0.0,1.68,1.68,0.0,Baixo
2026-05-02,02:00:00,Torreão,0.0,1.68,1.68,0.0,Baixo
2026-05-02,01:00:00,Campina do Barreto,1.4000000000000001,1.38,1.38,1.932,Baixo
2026-05-02,01:00:00,Dois Irmãos,0.2,1.38,1.38,0.27599999999999997,Baixo
2026-05-02,01:00:00,Imbiribeira,0.0,1.38,1.38,0.0,Baixo
2026-05-02,01:00:00,Torreão,0.0,1.38,1.38,0.0,Baixo
2026-05-02,00:00:00,Campina do Barreto,0.6000000000000001,1.08,1.08,0.6480000000000001,Baixo
2026-05-02,00:00:00,Dois Irmãos,0.2,1.08,1.08,0.21600000000000003,Baixo
2026-05-02,00:00:00,Imbiribeira,0.0,1.08,1.08,0.0,Baixo
2026-05-02,00:00:00,Torreão,0.2,1.08,1.08,0.21600000000000003,Baixo
2026-05-01,23:00:00,Campina do Barreto,0.6000000000000001,0.78,1.0,0.6000000000000001,Baixo
2026-05-01,23:00:00,Dois Irmãos,1.4000000000000001,0.78,1.0,1.4000000000000001,Baixo
2026-05-01,23:00:00,Imbiribeira,0.0,0.78,1.0,0.0,Baixo
2026-05-01,23:00:00,Torreão,1.4000000000000001,0.78,1.0,1.4000000000000001,Baixo
2026-05-01,22:00:00,Campina do Barreto,1.4000000000000001,0.48,1.0,1.4000000000000001,Baixo
2026-05-01,22:00:00,Dois Irmãos,0.78536,0.48,1.0,0.78536,Baixo
2026-05-01,22:00:00,Imbiribeira,0.0,0.48,1.0,0.0,Baixo
2026-05-01,22:00:00,Torreão,1.5755728395,0.48,1.0,1.5755728395,Baixo
2026-05-01,21:00:00,Campina do Barreto,,0.54,1.0,0.0,Baixo
2026-05-01,21:00:00,Dois Irmãos,,0.54,1.0,0.0,Baixo
2026-05-01,21:00:00,Imbiribeira,,0.54,1.0,0.0,Baixo
2026-05-01,21:00:00,Torreão,4.1549128395,0.54,1.0,4.1549128395,Baixo
2026-05-01,20:00:00,Campina do Barreto,4.72314,0.86,1.0,4.72314,Baixo
2026-05-01,20:00:00,Dois Irmãos,7.4719,0.86,1.0,7.4719,Baixo
2026-05-01,20:00:00,Imbiribeira,0.0,0.86,1.0,0.0,Baixo
2026-05-01,20:00:00,Torreão,5.7549128395,0.86,1.0,5.7549128395,Baixo
2026-05-01,19:00:00,Campina do Barreto,4.53046,1.17,1.17,5.300638199999999,Baixo
2026-05-01,19:00:00,Dois Irmãos,2.3926800000000004,1.17,1.17,2.7994356000000002,Baixo
2026-05-01,19:00:00,Imbiribeira,0.0,1.17,1.17,0.0,Baixo
2026-05-01,19:00:00,Torreão,7.7024799999999995,1.17,1.17,9.011901599999998,Baixo
2026-05-01,18:00:00,Campina do Barreto,4.3655981301,1.48,1.48,6.461085232548,Baixo
2026-05-01,18:00:00,Dois Irmãos,3.57438,1.48,1.48,5.2900824,Baixo
2026-05-01,18:00:00,Imbiribeira,0.0,1.48,1.48,0.0,Baixo
2026-05-01,18:00:00,Torreão,4.783,1.48,1.48,7.0788400000000005,Baixo
2026-05-01,17:00:00,Campina do Barreto,9.847026910699999,1.79,1.79,17.626178170152997,Baixo
2026-05-01,17:00:00,Dois Irmãos,2.9817,1.79,1.79,5.337243,Baixo
2026-05-01,17:00:00,Imbiribeira,0.0,1.79,1.79,0.0,Baixo
2026-05-01,17:00:00,Torreão,9.26222,1.79,1.79,16.5793738,Baixo
2026-05-01,16:00:00,Campina do Barreto,1.6,2.1,2.1,3.3600000000000003,Baixo
2026-05-01,16:00:00,Dois Irmãos,1.8000000000000003,2.1,2.1,3.7800000000000007,Baixo
2026-05-01,16:00:00,Imbiribeira,0.0,2.1,2.1,0.0,Baixo
2026-05-01,16:00:00,Torreão,4.72314,2.1,2.1,9.918594,Baixo
2026-05-01,15:00:00,Campina do Barreto,1.7780400000000003,2.1,2.1,3.7338840000000006,Baixo
2026-05-01,15:00:00,Dois Irmãos,4.1634,2.1,2.1,8.74314,Baixo
2026-05-01,15:00:00,Imbiribeira,0.0,2.1,2.1,0.0,Baixo
2026-05-01,15:00:00,Torreão,6.154038717,2.1,2.1,12.9234813057,Baixo
2026-05-01,14:00:00,Campina do Barreto,5.91948,1.77,1.77,10.4774796,Baixo
2026-05-01,14:00:00,Dois Irmãos,5.530460000000001,1.77,1.77,9.7889142,Baixo
2026-05-01,14:00:00,Imbiribeira,0.0,1.77,1.77,0.0,Baixo
2026-05-01,14:00:00,Torreão,10.249811019,1.77,1.77,18.14216550363,Baixo
2026-05-01,13:00:00,Campina do Barreto,13.154779999999999,1.44,1.44,18.942883199999997,Baixo
2026-05-01,13:00:00,Dois Irmãos,10.01334,1.44,1.44,14.419209599999999,Baixo
2026-05-01,13:00:00,Imbiribeira,0.0,1.44,1.44,0.0,Baixo
2026-05-01,13:00:00,Torreão,13.343219999999999,1.44,1.44,19.2142368,Baixo
2026-05-01,12:00:00,Campina do Barreto,34.2159095585,1.11,1.11,37.979659609935005,Moderado
2026-05-01,12:00:00,Dois Irmãos,27.3342672861,1.11,1.11,30.341036687571005,Moderado
2026-05-01,12:00:00,Imbiribeira,0.0,1.11,1.11,0.0,Baixo
2026-05-01,12:00:00,Torreão,36.1867469638,1.11,1.11,40.167289129818,Moderado
2026-05-01,11:00:00,Campina do Barreto,52.745485364100006,0.78,1.0,52.745485364100006,Moderado Alto
2026-05-01,11:00:00,Dois Irmãos,43.2674010063,0.78,1.0,43.2674010063,Moderado
2026-05-01,11:00:00,Imbiribeira,0.0,0.78,1.0,0.0,Baixo
2026-05-01,11:00:00,Torreão,60.0326721875,0.78,1.0,60.0326721875,Moderado Alto
2026-05-01,10:00:00,Campina do Barreto,75.39875392569999,0.45,1.0,75.39875392569999,Moderado Alto
2026-05-01,10:00:00,Dois Irmãos,47.0336096077,0.45,1.0,47.0336096077,Moderado
2026-05-01,10:00:00,Imbiribeira,0.0,0.45,1.0,0.0,Baixo
2026-05-01,10:00:00,Torreão,64.3484566407,0.45,1.0,64.3484566407,Moderado Alto
2026-05-01,09:00:00,Campina do Barreto,62.60475829320001,0.42,1.0,62.60475829320001,Moderado Alto
2026-05-01,09:00:00,Dois Irmãos,35.5793309672,0.42,1.0,35.5793309672,Moderado
2026-05-01,09:00:00,Imbiribeira,0.0,0.42,1.0,0.0,Baixo
2026-05-01,09:00:00,Torreão,53.4989929296,0.42,1.0,53.4989929296,Moderado Alto
2026-05-01,08:00:00,Campina do Barreto,41.3442434872,0.74,1.0,41.3442434872,Moderado
2026-05-01,08:00:00,Dois Irmãos,31.050461267499998,0.74,1.0,31.050461267499998,Moderado
2026-05-01,08:00:00,Imbiribeira,0.0,0.74,1.0,0.0,Baixo
2026-05-01,08:00:00,Torreão,59.8411869411,0.74,1.0,59.8411869411,Moderado Alto
2026-05-01,07:00:00,Campina do Barreto,25.3835091819,1.06,1.06,26.906519732814,Baixo
2026-05-01,07:00:00,Dois Irmãos,29.094721266900002,1.06,1.06,30.840404542914005,Moderado
2026-05-01,07:00:00,Imbiribeira,0.0,1.06,1.06,0.0,Baixo
2026-05-01,07:00:00,Torreão,26.5676576936,1.06,1.06,28.161717155216003,Baixo
2026-05-01,06:00:00,Campina do Barreto,62.8084585214,1.39,1.39,87.30375734474599,Moderado Alto
2026-05-01,06:00:00,Dois Irmãos,54.3408890928,1.39,1.39,75.53383583899199,Moderado Alto
2026-05-01,06:00:00,Imbiribeira,0.0,1.39,1.39,0.0,Baixo
2026-05-01,06:00:00,Torreão,53.924220169499996,1.39,1.39,74.95466603560499,Moderado Alto
2026-05-01,05:00:00,Campina do Barreto,45.8522066623,1.71,1.71,78.407273392533,Moderado Alto
2026-05-01,05:00:00,Dois Irmãos,40.371112266699996,1.71,1.71,69.03460197605699,Moderado Alto
2026-05-01,05:00:00,Imbiribeira,0.0,1.71,1.71,0.0,Baixo
2026-05-01,05:00:00,Torreão,52.3595298268,1.71,1.71,89.53479600382799,Moderado Alto
2026-05-01,04:00:00,Campina do Barreto,21.027912349399998,2.03,2.03,42.686662069281994,Moderado
2026-05-01,04:00:00,Dois Irmãos,33.6630201589,2.03,2.03,68.33593092256699,Moderado Alto
2026-05-01,04:00:00,Imbiribeira,0.0,2.03,2.03,0.0,Baixo
2026-05-01,04:00:00,Torreão,28.309925992,2.03,2.03,57.469149763759994,Moderado Alto
2026-05-01,03:00:00,Campina do Barreto,14.948467059799999,2.15,2.15,32.13920417857,Moderado
2026-05-01,03:00:00,Dois Irmãos,22.8308331299,2.15,2.15,49.086291229284996,Moderado
2026-05-01,03:00:00,Imbiribeira,0.0,2.15,2.15,0.0,Baixo
2026-05-01,03:00:00,Torreão,17.3093885672,2.15,2.15,37.215185419479994,Moderado
2026-05-01,02:00:00,Campina do Barreto,2.5947189083,1.84,1.84,4.774282791272,Baixo
2026-05-01,02:00:00,Dois Irmãos,2.2,1.84,1.84,4.048000000000001,Baixo
2026-05-01,02:00:00,Imbiribeira,0.0,1.84,1.84,0.0,Baixo
2026-05-01,02:00:00,Torreão,4.130459999999999,1.84,1.84,7.600046399999999,Baixo
2026-05-01,01:00:00,Campina do Barreto,1.6,1.52,1.52,2.4320000000000004,Baixo
2026-05-01,01:00:00,Dois Irmãos,1.6,1.52,1.52,2.4320000000000004,Baixo
2026-05-01,01:00:00,Imbiribeira,0.0,1.52,1.52,0.0,Baixo
2026-05-01,01:00:00,Torreão,1.9890200000000002,1.52,1.52,3.0233104,Baixo
2026-05-01,00:00:00,Campina do Barreto,0.0,1.21,1.21,0.0,Baixo
2026-05-01,00:00:00,Dois Irmãos,0.0,1.21,1.21,0.0,Baixo
2026-05-01,00:00:00,Imbiribeira,0.0,1.21,1.21,0.0,Baixo
2026-05-01,00:00:00,Torreão,0.0,1.21,1.21,0.0,Baixo
